ModelID,StrippedCellLineName,ModelSubtypeFeatures,esr1_log2tpm,erbb2_log2tpm,subtype,basis
ACH-000017,SKBR3,HER2+,0.3219280948873623,10.84454885592944,her2,annotation HER2+
ACH-000019,MCF7,ER+,5.434961760187254,5.506843098969815,luminal,annotation ER+
ACH-000028,KPL1,ER+,4.613531652917927,5.637784110291324,luminal,annotation ER+
ACH-000097,ZR751,"luminal ER, PR+",4.927422428739871,6.752882366273092,luminal,annotation ER+
ACH-000111,HCC1187,basal_A TNBC,1.1375035237499351,6.76248170331897,basal,annotation TNBC
ACH-000147,T47D,"luminal ER, PR+",5.490890978894291,6.330379127580632,luminal,annotation ER+
ACH-000148,HS578T,basal_B TNBC,0.070389327891398,4.729552770453971,basal,annotation TNBC
ACH-000212,CAL120,basal_B TNBC,0.6690267655096305,4.581351247168778,basal,annotation TNBC
ACH-000223,HCC1937,basal_A TNBC,2.2357270598380583,5.645298163948631,basal,annotation TNBC
ACH-000248,AU565,HER2+,0.3673710656485294,11.61245387017484,her2,annotation HER2+
ACH-000258,DU4475,luminal TNBC,0.1110313123887439,3.324810603420484,basal,annotation TNBC
ACH-000276,HCC38,basal_A TNBC,0.0426443374084937,7.127633279725874,basal,annotation TNBC
ACH-000277,HCC1419,HER2+,3.885574364371426,11.609871287178828,her2,annotation HER2+
ACH-000288,BT549,basal_B TNBC,0.01435529297707,4.132576842670009,basal,annotation TNBC
ACH-000330,EFM19,"luminal ER+, PR+, HER2+",5.5351198215998005,7.2512456897991235,her2,annotation HER2+
ACH-000352,HCC1428,"luminal ER, PR+",6.18566835930362,5.385085853547684,luminal,annotation ER+
ACH-000374,HCC1143,basal_A TNBC,2.572889668420581,5.087887100933117,basal,annotation TNBC
ACH-000554,UACC893,HER2+,1.879705766282288,11.6444421656168,her2,annotation HER2+
ACH-000573,MDAMB436,basal_B TNBC,0.1243281350022017,3.959770155211468,basal,annotation TNBC
ACH-000621,MDAMB157,basal_B TNBC,0.137503523749935,4.526068811667588,basal,annotation TNBC
ACH-000624,HCC1806,basal_A TNBC,1.2016338611696504,5.000901402741532,basal,annotation TNBC
ACH-000668,HCC70,basal_A TNBC,1.4382928515791469,5.408032466130653,basal,annotation TNBC
ACH-000699,HCC1395,basal_B TNBC,0.0285691521967709,4.177120502846516,basal,annotation TNBC
ACH-000711,JIMT1,basal_A HER2+,1.622930350920177,8.457134594318036,her2,annotation HER2+
ACH-000721,HMC18,basal_B TNBC,0.0285691521967709,3.7147950111181625,basal,annotation TNBC
ACH-000725,HCC202,HER2+,0.2750070474998697,11.045213599665002,her2,annotation HER2+
ACH-000768,MDAMB231,basal_B TNBC,0.1243281350022017,4.658211482751795,basal,annotation TNBC
ACH-000783,CAMA1,"luminal ER+, PR+, HER2+",4.650190123496775,6.182890892745479,her2,annotation HER2+
ACH-000849,MDAMB468,basal_A TNBC,1.2016338611696504,4.552745936748446,basal,annotation TNBC
ACH-000856,CAL51,basal_B TNBC,0.4114262457264649,6.332886916959597,basal,annotation TNBC
ACH-000859,HCC1954,basal_A HER2+,2.0840642647884744,11.89875252616484,her2,annotation HER2+
ACH-000876,MDAMB415,"luminal ER+, HER2+",3.297191416565856,5.857234580499787,her2,annotation HER2+
ACH-000910,MDAMB453,HER2+,0.01435529297707,8.054360117597708,her2,annotation HER2+
ACH-000934,MDAMB361,"luminal ER+, HER2+",4.245647773636751,9.659764043943117,her2,annotation HER2+
ACH-001065,EVSAT,PR+,,,,"no annotation, no expression"
ACH-001388,SUM102PT,TNBC,0.0285691521967709,1.7990873060740036,basal,annotation TNBC
ACH-001389,SUM1315MO2,TNBC,0.01435529297707,3.883620816285672,basal,annotation TNBC
ACH-001390,SUM149PT,basal_B TNBC,0.1243281350022017,2.7676547982373463,basal,annotation TNBC
ACH-001391,SUM159PT,basal_B TNBC,0.01435529297707,4.20006486151431,basal,annotation TNBC
ACH-001392,SUM185PE,luminal TNBC,0.1110313123887439,4.76659516172927,basal,annotation TNBC
ACH-001393,SUM190PT,basal_A HER2+,0.0565835283663675,11.411881676996298,her2,annotation HER2+
ACH-001394,SUM229PE,basal TNBC,0.5655971758542251,4.4269356196483365,basal,annotation TNBC
ACH-001396,SUM52PE,luminal TNBC,0.137503523749935,5.344473459456363,basal,annotation TNBC
ACH-001419,VP229,,1.5558161550616396,6.365272599764531,basal,ESR1 and ERBB2 low
ACH-001662,SNU2372,TNBC,0.0840642647884745,5.231509210867047,basal,annotation TNBC
ACH-001683,UACC3133,"ER+, HER2+",3.64961545906341,8.088470254355714,her2,annotation HER2+
ACH-001819,MFM223,"luminal ER, PR+",1.2448870591235344,5.505890929729957,luminal,annotation ER+
ACH-001820,COLO824,HER2+,0.9486008474933558,6.7348450781894975,her2,annotation HER2+
ACH-002179,OCUBM,,,,,"no annotation, no expression"
ACH-002399,21NT,HER2+,2.5084286525318573,9.483211169429373,her2,annotation HER2+
ACH-002400,21MT1,HER2+,,,her2,annotation HER2+
ACH-002401,21MT2,HER2+,2.811471030529836,8.857483428286672,her2,annotation HER2+
ACH-002499,UACC3199,HER2+,0.137503523749935,5.563158130402808,her2,annotation HER2+
