gene,max_stage,n_drugs,in_universe
KDR,4,17,False
EGFR,4,15,True
ERBB2,4,15,True
PDCD1,4,15,False
TUBA1A,4,15,False
TUBA1B,4,15,True
TUBA1C,4,15,True
TUBA3C,4,15,False
TUBA3E,4,15,True
TUBA4A,4,15,True
TUBB,4,15,True
TUBB1,4,15,True
TUBB2A,4,15,True
TUBB2B,4,15,True
TUBB3,4,15,True
TUBB4A,4,15,False
TUBB4B,4,15,False
TUBB6,4,15,True
TUBB8,4,15,False
ESR1,4,13,True
FLT4,4,11,False
FLT1,4,10,True
KIT,4,10,False
PDGFRB,4,10,True
AR,4,7,True
PARP1,4,7,True
PARP2,4,7,True
PDGFRA,4,7,True
CD274,4,6,False
CSF1R,4,6,True
ESR2,4,6,False
PIK3CA,4,6,True
CDK4,4,5,True
CDK6,4,5,True
ERBB4,4,5,True
FGFR3,4,5,False
FLT3,4,5,False
PIK3CD,4,5,True
CSF3R,4,4,False
CTLA4,4,4,False
FGFR1,4,4,True
GNRHR,4,4,False
HDAC1,4,4,True
HDAC2,4,4,True
HDAC3,4,4,True
HDAC6,4,4,True
LAG3,4,4,False
MAP2K1,4,4,True
MAP2K2,4,4,True
MET,4,4,True
MTOR,4,4,True
TOP1,4,4,True
ABL1,4,3,True
AKT1,4,3,True
AKT2,4,3,True
AKT3,4,3,True
ATP4A,4,3,False
ATP4B,4,3,False
BCR,4,3,True
CYP17A1,4,3,False
CYP19A1,4,3,False
HDAC10,4,3,True
HDAC11,4,3,True
HDAC4,4,3,True
HDAC5,4,3,True
HDAC7,4,3,True
HDAC8,4,3,True
HDAC9,4,3,False
HMGCR,4,3,False
IFNAR1,4,3,False
IFNAR2,4,3,False
LCK,4,3,True
NR3C1,4,3,True
PARP3,4,3,False
PTGS2,4,3,True
ROS1,4,3,False
SSTR1,4,3,False
SSTR2,4,3,False
SSTR3,4,3,False
SSTR5,4,3,False
TOP2A,4,3,True
TYMS,4,3,True
ADORA2A,4,2,False
ADORA2B,4,2,False
ADRM1,4,2,True
ALK,4,2,False
APH1A,4,2,False
APH1B,4,2,False
BLK,4,2,False
COXFA4,4,2,False
COXFA4L2,4,2,False
DHFR,4,2,True
FGFR2,4,2,True
FGFR4,4,2,False
FGR,4,2,True
FOLR1,4,2,False
FRK,4,2,True
FYN,4,2,False
GPD2,4,2,True
HCK,4,2,True
IL6R,4,2,False
JAK1,4,2,True
LYN,4,2,True
MT-ND1,4,2,False
MT-ND2,4,2,False
MT-ND3,4,2,False
MT-ND4,4,2,False
MT-ND4L,4,2,False
MT-ND5,4,2,False
MT-ND6,4,2,False
NCSTN,4,2,True
NDUFA1,4,2,True
NDUFA10,4,2,True
NDUFA11,4,2,True
NDUFA12,4,2,True
NDUFA13,4,2,True
NDUFA2,4,2,True
NDUFA3,4,2,True
NDUFA5,4,2,True
NDUFA6,4,2,True
NDUFA7,4,2,True
NDUFA8,4,2,True
NDUFA9,4,2,True
NDUFAB1,4,2,True
NDUFAF1,4,2,True
NDUFAF2,4,2,True
NDUFAF3,4,2,True
NDUFAF4,4,2,True
NDUFB1,4,2,True
NDUFB10,4,2,True
NDUFB11,4,2,True
NDUFB2,4,2,True
NDUFB3,4,2,True
NDUFB4,4,2,True
NDUFB5,4,2,True
NDUFB6,4,2,True
NDUFB7,4,2,True
NDUFB8,4,2,True
NDUFB9,4,2,True
NDUFC1,4,2,True
NDUFC2,4,2,True
NDUFS1,4,2,True
NDUFS2,4,2,True
NDUFS3,4,2,True
NDUFS4,4,2,True
NDUFS5,4,2,True
NDUFS6,4,2,True
NDUFS7,4,2,True
NDUFS8,4,2,True
NDUFV1,4,2,True
NDUFV2,4,2,True
NDUFV3,4,2,True
NTRK1,4,2,False
NTRK2,4,2,False
NTRK3,4,2,False
POLA1,4,2,True
POLA2,4,2,True
POLD1,4,2,True
POLD2,4,2,True
POLD3,4,2,True
POLD4,4,2,True
POLE,4,2,True
POLE2,4,2,True
POLE3,4,2,True
PRIM1,4,2,True
PRIM2,4,2,False
PSEN1,4,2,True
PSEN2,4,2,True
PSENEN,4,2,False
PSMA1,4,2,True
PSMA2,4,2,True
PSMA3,4,2,True
PSMA4,4,2,True
PSMA5,4,2,True
PSMA6,4,2,True
PSMA7,4,2,True
PSMA8,4,2,False
PSMB1,4,2,True
PSMB10,4,2,True
PSMB11,4,2,False
PSMB2,4,2,True
PSMB3,4,2,True
PSMB4,4,2,True
PSMB5,4,2,True
PSMB6,4,2,True
PSMB7,4,2,True
PSMB8,4,2,True
PSMB9,4,2,True
PSMC1,4,2,True
PSMC2,4,2,True
PSMC3,4,2,True
PSMC4,4,2,True
PSMC5,4,2,True
PSMC6,4,2,True
PSMD1,4,2,True
PSMD11,4,2,True
PSMD12,4,2,True
PSMD13,4,2,True
PSMD14,4,2,True
PSMD2,4,2,True
PSMD3,4,2,True
PSMD4,4,2,True
PSMD6,4,2,True
PSMD7,4,2,True
PSMD8,4,2,True
PTGS1,4,2,True
RRM1,4,2,True
RRM2,4,2,True
RRM2B,4,2,True
SEM1,4,2,False
SRC,4,2,True
SRMS,4,2,False
SSTR4,4,2,False
TACSTD2,4,2,True
YES1,4,2,True
ADORA1,4,1,False
ADORA3,4,1,False
ADRB1,4,1,False
ADRB2,4,1,False
ADRB3,4,1,False
AGTR1,4,1,False
ALDH5A1,4,1,True
CACNA1A,4,1,False
CACNA1B,4,1,False
CACNA1C,4,1,False
CACNA1D,4,1,False
CACNA1E,4,1,False
CACNA1F,4,1,False
CACNA1G,4,1,False
CACNA1H,4,1,False
CACNA1I,4,1,False
CACNA1S,4,1,False
CACNA2D1,4,1,True
CACNA2D2,4,1,True
CACNA2D3,4,1,False
CACNA2D4,4,1,False
CACNB1,4,1,False
CACNB2,4,1,False
CACNB3,4,1,True
CACNB4,4,1,False
CACNG1,4,1,False
CACNG2,4,1,False
CACNG3,4,1,False
CACNG4,4,1,False
CACNG5,4,1,False
CACNG6,4,1,False
CACNG7,4,1,False
CACNG8,4,1,False
CCND1,4,1,True
CD38,4,1,True
CD74,4,1,True
CDA,4,1,True
CHRM1,4,1,False
CHRM2,4,1,False
CHRM3,4,1,False
CRBN,4,1,True
CSF2RA,4,1,False
CSF2RB,4,1,False
CUL4A,4,1,True
DDB1,4,1,True
DHODH,4,1,True
DNMT1,4,1,True
DNMT3A,4,1,True
EML4,4,1,True
EPHA2,4,1,False
EPOR,4,1,False
EZH2,4,1,True
FDPS,4,1,True
FKBP1A,4,1,True
FOLH1,4,1,True
GART,4,1,True
GPNMB,4,1,True
GSR,4,1,True
HRH1,4,1,False
IL1B,4,1,False
IL1R1,4,1,False
IL2RA,4,1,False
IL2RB,4,1,False
IL2RG,4,1,False
ITK,4,1,False
JAK2,4,1,True
JAK3,4,1,True
MMP1,4,1,True
MMP13,4,1,True
MMP7,4,1,True
MMP8,4,1,True
MST1R,4,1,True
NPM1,4,1,True
OPRM1,4,1,False
PDE3A,4,1,True
PDE3B,4,1,False
PDE4A,4,1,True
PDE4B,4,1,True
PDE4C,4,1,False
PDE4D,4,1,True
PGR,4,1,True
PPARG,4,1,False
PPIA,4,1,True
RARA,4,1,True
RARB,4,1,False
RARG,4,1,False
RBX1,4,1,True
RET,4,1,False
SDC4,4,1,True
SLC5A2,4,1,False
SLC6A2,4,1,False
SLC6A4,4,1,False
SRD5A1,4,1,False
SRD5A2,4,1,False
SRD5A3,4,1,True
THRA,4,1,False
THRB,4,1,False
TOP2B,4,1,True
TYK2,4,1,True
VDR,4,1,True
VEGFA,4,1,True
XPO1,4,1,True
PIK3CG,3,5,True
AURKB,3,3,True
PIK3CB,3,3,True
PIK3R1,3,3,True
PIK3R2,3,3,True
PIK3R3,3,3,True
PIK3R5,3,3,False
CXCR1,3,2,False
CXCR2,3,2,False
HSP90AA1,3,2,True
HSP90AB1,3,2,True
IGF1R,3,2,True
TIGIT,3,2,False
WEE1,3,2,True
ATR,3,1,True
AXL,3,1,True
CCR5,3,1,False
CD276,3,1,True
CD47,3,1,True
CDK1,3,1,True
CDK2,3,1,True
CDK5,3,1,True
CDK9,3,1,True
ERBB3,3,1,True
NT5E,3,1,True
ROR1,3,1,False
TGFB1,3,1,True
TGFB2,3,1,True
TGFB3,3,1,True
TLR3,3,1,True
TNFRSF4,3,1,False
TNFRSF9,3,1,False
AURKA,2,3,True
BRD2,2,3,True
BRD3,2,3,True
BRD4,2,3,True
BRDT,2,3,False
CSF1,2,2,True
MUC1,2,2,True
CD40,2,1,True
CEACAM5,2,1,True
CHEK1,2,1,True
CHEK2,2,1,True
CTAG1A,2,1,False
CTAG1B,2,1,False
ESRRG,2,1,False
GLS,2,1,True
IL17A,2,1,False
LY75,2,1,True
MKNK1,2,1,True
MKNK2,2,1,True
NOS1,2,1,False
NOS2,2,1,False
NOS3,2,1,True
PLK4,2,1,False
PTGER4,2,1,False
SLC39A6,2,1,True
SYK,2,1,True
AURKC,1,1,False
EPCAM,1,1,True
