arm,subtype,mean_effect,precision,n_t2,floor_pct_mean_effect
R,basal,-0.8176746042084768,0.0,7,0.0
R,her2,-0.25037873107407804,0.02,2,0.954
R,luminal,-0.1183645465719628,0.06,2,0.999
R+P,basal,-0.6899386005475305,0.0,4,0.0
R+P,her2,-0.29267115902201274,0.02,4,0.965
R+P,luminal,-0.15510499253831095,0.08,3,0.993
R+D,basal,-0.693617169333983,0.0,5,0.002
R+D,her2,-0.45632063522615596,0.02,8,0.511
R+D,luminal,-0.11929590238857322,0.02,3,0.997
R+P+D,basal,-0.7275954402396373,0.0,3,0.0
R+P+D,her2,-0.3649211584116175,0.02,4,0.885
R+P+D,luminal,-0.1740218646644496,0.06,3,0.972
MOFA+,basal,-0.7388642957477606,0.0,4,0.001
MOFA+,her2,-0.31542632078175825,0.04,3,0.972
MOFA+,luminal,-0.11397463997582187,0.02,3,1.0
