arm,subtype,rank,gene,score
R,basal,1,ILF2,0.9998773608045132
R,basal,2,DNAJC2,0.9995094432180525
R,basal,3,LSM2,0.9993868040225656
R,basal,4,CDKN2A,0.9990188864361049
R,basal,5,E2F3,0.9986509688496443
R,basal,6,PDCD5,0.9984056904586706
R,basal,7,GTPBP4,0.9981604120676968
R,basal,8,CKS1B,0.9976698552857494
R,basal,9,ANP32E,0.9974245768947756
R,basal,10,PFDN2,0.9971792985038018
R,basal,11,NDC80,0.9970566593083149
R,basal,12,DKC1,0.9968113809173412
R,basal,13,CDCA8,0.9966887417218543
R,basal,14,UCK2,0.9963208241353937
R,basal,15,PSMB4,0.9957076281579593
R,basal,16,RBM28,0.9953397105714986
R,basal,17,HDGF,0.9952170713760118
R,basal,18,CDC123,0.9950944321805248
R,basal,19,AURKB,0.994971792985038
R,basal,20,SKA3,0.9948491537895512
R,basal,21,STMN1,0.9944812362030905
R,basal,22,NOL7,0.9938680402256561
R,basal,23,TYMS,0.9936227618346823
R,basal,24,TBC1D7,0.9935001226391955
R,basal,25,RIPK2,0.9932548442482217
R,basal,26,XPO5,0.9931322050527348
R,basal,27,PLAA,0.9927642874662742
R,basal,28,SRPK1,0.9925190090753004
R,basal,29,RANBP1,0.9917831739023792
R,basal,30,HAUS8,0.9912926171204317
R,basal,31,NDUFA9,0.9910473387294579
R,basal,32,RRP1,0.9909246995339711
R,basal,33,CDCA2,0.9908020603384842
R,basal,34,KIF2C,0.9905567819475104
R,basal,35,TRIP13,0.9904341427520236
R,basal,36,CDC20,0.9903115035565366
R,basal,37,GART,0.9901888643610498
R,basal,38,TTK,0.9900662251655629
R,basal,39,TUBB,0.989943585970076
R,basal,40,MRPL9,0.9898209467745892
R,basal,41,MRPL15,0.9895756683836154
R,basal,42,WDR12,0.9889624724061811
R,basal,43,BLM,0.9887171940152073
R,basal,44,BYSL,0.9883492764287466
R,basal,45,CHEK2,0.9878587196467992
R,basal,46,POLR1C,0.9871228844738779
R,basal,47,HAUS7,0.9870002452783909
R,basal,48,NUF2,0.9868776060829041
R,basal,49,MEX3A,0.9866323276919303
R,basal,50,SKA1,0.9862644101054697
R,her2,1,GGCT,0.9996310416922888
R,her2,2,KMO,0.999385069487148
R,her2,3,G6PD,0.9988931250768663
R,her2,4,HMGCS1,0.9987701389742959
R,her2,5,CLIC3,0.9982781945640142
R,her2,6,PLIN3,0.9980322223588735
R,her2,7,ERBB2,0.997909236256303
R,her2,8,CDK12,0.9971713196408806
R,her2,9,GRB7,0.9970483335383101
R,her2,10,NSDHL,0.9964334030254581
R,her2,11,CASP14,0.9963104169228877
R,her2,12,QPRT,0.9959414586151765
R,her2,13,PGK1,0.995203541999754
R,her2,14,CKAP4,0.9950805558971836
R,her2,15,NCEH1,0.9942196531791907
R,her2,16,NME6,0.9940966670766204
R,her2,17,ARRDC1,0.9938506948714795
R,her2,18,TMEM165,0.9929897921534867
R,her2,19,IDH2,0.9926208338457754
R,her2,20,ITPR3,0.9918829172303529
R,her2,21,SP6,0.9916369450252122
R,her2,22,SDC1,0.9913909728200714
R,her2,23,ACTR2,0.9912679867175009
R,her2,24,YKT6,0.99102201451236
R,her2,25,TMEM214,0.990407083999508
R,her2,26,PPP1R10,0.9900381256917968
R,her2,27,TMEM132A,0.9897921534866561
R,her2,28,STK35,0.9890542368712335
R,her2,29,GORASP2,0.988562292460952
R,her2,30,AKT1,0.9873324314352478
R,her2,31,SLC39A7,0.9868404870249662
R,her2,32,CAP1,0.9865945148198254
R,her2,33,DAP,0.9863485426146845
R,her2,34,INCENP,0.9857336121018325
R,her2,35,WNT2,0.9846267371786988
R,her2,36,SCYL2,0.9833968761529948
R,her2,37,DBNDD1,0.9831509039478539
R,her2,38,UGGT1,0.9827819456401427
R,her2,39,UBE2A,0.9826589595375722
R,her2,40,CYP51A1,0.9824129873324314
R,her2,41,ESRP2,0.982290001229861
R,her2,42,LIMK1,0.9811831263067273
R,her2,43,POR,0.9810601402041569
R,her2,44,NUDT9,0.9809371541015866
R,her2,45,CAPN13,0.9804452096913049
R,her2,46,PDIA5,0.9801992374861641
R,her2,47,HPCAL1,0.9800762513835937
R,her2,48,TBC1D2,0.9799532652810232
R,her2,49,RAB3D,0.9798302791784529
R,her2,50,EPHA1,0.9797072930758824
R,luminal,1,CA12,0.9997550220480157
R,luminal,2,GATA3,0.9990200881920627
R,luminal,3,MYB,0.9977951984321412
R,luminal,4,ZNF552,0.9974277315041646
R,luminal,5,DNAJC12,0.9971827535521803
R,luminal,6,ZG16B,0.9970602645761881
R,luminal,7,ANXA9,0.9964478196962273
R,luminal,8,NAT1,0.9963253307202352
R,luminal,9,FOXA1,0.996202841744243
R,luminal,10,PREX1,0.9959578637922587
R,luminal,11,SLC44A4,0.9958353748162665
R,luminal,12,CELSR1,0.9954679078882901
R,luminal,13,TMC4,0.9952229299363057
R,luminal,14,EVL,0.9951004409603136
R,luminal,15,KDM4B,0.9949779519843214
R,luminal,16,ZNF703,0.9947329740323371
R,luminal,17,SLC39A6,0.994610485056345
R,luminal,18,RALGPS2,0.9944879960803528
R,luminal,19,RSPH1,0.9942430181283685
R,luminal,20,TLE3,0.9936305732484076
R,luminal,21,MAGED2,0.9935080842724154
R,luminal,22,TTC39A,0.9933855952964233
R,luminal,23,PRR15,0.9932631063204311
R,luminal,24,REPS2,0.9905683488486037
R,luminal,25,AGR2,0.9902008819206272
R,luminal,26,FGD3,0.9897109260166586
R,luminal,27,SEMA3F,0.9892209701126898
R,luminal,28,RASEF,0.9889759921607055
R,luminal,29,TPBG,0.988608525232729
R,luminal,30,MATN3,0.9879960803527682
R,luminal,31,IFT140,0.9877511024007839
R,luminal,32,ZMYND10,0.9873836354728075
R,luminal,33,RARA,0.9871386575208231
R,luminal,34,FAM151B,0.9866487016168545
R,luminal,35,BCAS4,0.9860362567368937
R,luminal,36,STARD10,0.9854238118569328
R,luminal,37,SPDEF,0.9853013228809407
R,luminal,38,MSI2,0.9846888780009799
R,luminal,39,RAB17,0.9845663890249877
R,luminal,40,PTP4A2,0.9844439000489956
R,luminal,41,PARD6B,0.9838314551690348
R,luminal,42,DNAJC19,0.9829740323370897
R,luminal,43,EXOC6,0.9823615874571289
R,luminal,44,RAB11FIP3,0.9811366976972072
R,luminal,45,KCTD6,0.9807692307692307
R,luminal,46,COG7,0.9805242528172464
R,luminal,47,SIAH2,0.9802792748652621
R,luminal,48,MCCC2,0.9801567858892699
R,luminal,49,BMPR1B,0.9797893189612935
R,luminal,50,PATZ1,0.9792993630573248
R+P,basal,1,ANP32E,0.9983439643221577
R+P,basal,2,CDCA8,0.9982215961525172
R+P,basal,3,NDC80,0.9973005825700567
R+P,basal,4,AURKB,0.9967492482420586
R+P,basal,5,CDC20,0.9949715897156532
R+P,basal,6,KIF2C,0.99484867949432
R+P,basal,7,UCK2,0.99478410758642
R+P,basal,8,TTK,0.9944806263949362
R+P,basal,9,TRIP13,0.9943576484171412
R+P,basal,10,DNAJC2,0.9939843103137531
R+P,basal,11,SKA3,0.9938641103508836
R+P,basal,12,GTPBP4,0.9935553441553954
R+P,basal,13,TBC1D7,0.9935001226391955
R+P,basal,14,XPO5,0.9928214739198604
R+P,basal,15,CDC123,0.9921451289202194
R+P,basal,16,RBM28,0.9904875348437603
R+P,basal,17,CDCA2,0.9904286544786344
R+P,basal,18,BOP1,0.9898798948961768
R+P,basal,19,PUS7,0.9892673087268968
R+P,basal,20,WDR12,0.9892633110956627
R+P,basal,21,TPX2,0.9891460924171034
R+P,basal,22,GART,0.9891398588226366
R+P,basal,23,SKA1,0.9882212167163322
R+P,basal,24,CDCA3,0.9881634882110533
R+P,basal,25,NCAPG,0.9877953673552078
R+P,basal,26,MCM6,0.9873010162114111
R+P,basal,27,MSH6,0.9872440330272096
R+P,basal,28,MEX3A,0.9869932663628467
R+P,basal,29,SRPK1,0.9868058519900751
R+P,basal,30,UBE2C,0.9852189956595211
R+P,basal,31,HSPA14,0.9850351046227523
R+P,basal,32,MCM3,0.9850333429547509
R+P,basal,33,TYMS,0.9841655859511043
R+P,basal,34,SUV39H2,0.9838018692652625
R+P,basal,35,EZH2,0.9835005562805497
R+P,basal,36,CCNB1,0.9831360265171688
R+P,basal,37,KIFC1,0.982583133790554
R+P,basal,38,NOL10,0.982578119812396
R+P,basal,39,CBS,0.9815959899015769
R+P,basal,40,E2F3,0.9812162149343372
R+P,basal,41,NCAPH,0.9809280467031738
R+P,basal,42,RIPK2,0.9806053226765971
R+P,basal,43,CDCA5,0.9802448583009118
R+P,basal,44,ANLN,0.9801932278771766
R+P,basal,45,CCNB2,0.9798807350763006
R+P,basal,46,TACC3,0.979452581995482
R+P,basal,47,BEND3,0.9793317044679966
R+P,basal,48,DLGAP5,0.9773091063329254
R+P,basal,49,MRTO4,0.9772418919230232
R+P,basal,50,CKS1B,0.9771651916084978
R+P,her2,1,HMGCS1,0.9988311551592306
R+P,her2,2,G6PD,0.9987080101012101
R+P,her2,3,CLIC3,0.9986467289905251
R+P,her2,4,KMO,0.9979076996869516
R+P,her2,5,ERBB2,0.9968620528893528
R+P,her2,6,GRB7,0.9960007792753096
R+P,her2,7,NSDHL,0.9955702219460132
R+P,her2,8,QPRT,0.9955088878501781
R+P,her2,9,GGCT,0.9945841077491478
R+P,her2,10,NCEH1,0.9939709787313974
R+P,her2,11,CDK12,0.9931696086141379
R+P,her2,12,ITPR3,0.9930487949027196
R+P,her2,13,YKT6,0.9927414356165936
R+P,her2,14,CASP14,0.9910774142713896
R+P,her2,15,ARRDC1,0.990893835865085
R+P,her2,16,CAPN13,0.9895455984448647
R+P,her2,17,UGGT1,0.9891753155084022
R+P,her2,18,CKAP4,0.988862286811221
R+P,her2,19,PLIN3,0.9888610151676198
R+P,her2,20,POR,0.9871450380981395
R+P,her2,21,SDC1,0.9854172983253484
R+P,her2,22,SRD5A3,0.9851768365758126
R+P,her2,23,NUDT9,0.9848678877351852
R+P,her2,24,FADS2,0.9847465441722663
R+P,her2,25,PGK1,0.9844309192027327
R+P,her2,26,IDH2,0.9836934794536607
R+P,her2,27,HPCAL1,0.9824679632102606
R+P,her2,28,DHCR24,0.9814875184244505
R+P,her2,29,TBC1D2,0.9814832796124466
R+P,her2,30,PDIA5,0.981360081569276
R+P,her2,31,AKT1,0.9806800020297854
R+P,her2,32,TMEM132A,0.97957111367095
R+P,her2,33,ESRP2,0.9795127997286676
R+P,her2,34,SLC2A10,0.9787163572303627
R+P,her2,35,RAB3D,0.9783444847393987
R+P,her2,36,CYP51A1,0.9771124513225427
R+P,her2,37,HEATR3,0.9758902731435957
R+P,her2,38,RRBP1,0.9758866701533924
R+P,her2,39,ACTR2,0.9745852488978938
R+P,her2,40,MTHFD2,0.9744061742293431
R+P,her2,41,PLAU,0.9741650766580068
R+P,her2,42,DNM2,0.9739854191528057
R+P,her2,43,RRM2,0.9735462252440511
R+P,her2,44,PSME4,0.9729994109262403
R+P,her2,45,ACTR3,0.9728729278037668
R+P,her2,46,SEC16A,0.9728100041534302
R+P,her2,47,MYD88,0.9715755334196718
R+P,her2,48,HYOU1,0.9703496992653715
R+P,her2,49,UAP1,0.9701092905009858
R+P,her2,50,TMED3,0.9696736465972846
R+P,luminal,1,GATA3,0.999448701929426
R+P,luminal,2,CA12,0.9993867736911652
R+P,luminal,3,FOXA1,0.9978560522057003
R+P,luminal,4,ZNF552,0.9977323910863971
R+P,luminal,5,CELSR1,0.997365900944513
R+P,luminal,6,DNAJC12,0.9972418491107731
R+P,luminal,7,PRR15,0.9955273941613197
R+P,luminal,8,PREX1,0.9954025608987057
R+P,luminal,9,REPS2,0.9944867262584326
R+P,luminal,10,ZNF703,0.9938086413530598
R+P,luminal,11,IFT140,0.9937528668671813
R+P,luminal,12,TTC39A,0.9934416628181295
R+P,luminal,13,NAT1,0.993132607698481
R+P,luminal,14,EVL,0.9916000303194403
R+P,luminal,15,TLE3,0.9911104651299086
R+P,luminal,16,MSI2,0.9910562535017782
R+P,luminal,17,RALGPS2,0.990189648880564
R+P,luminal,18,STARD10,0.9889700337655416
R+P,luminal,19,SPDEF,0.9884793941113084
R+P,luminal,20,CXXC5,0.9861533733893775
R+P,luminal,21,MAGED2,0.9855284256474333
R+P,luminal,22,EXOC6,0.9854146300676639
R+P,luminal,23,ANXA9,0.9851580283611796
R+P,luminal,24,LRBA,0.9841321099282883
R+P,luminal,25,PARD6B,0.9828984290935348
R+P,luminal,26,KCTD6,0.9825328180591338
R+P,luminal,27,PTP4A2,0.9821618347012246
R+P,luminal,28,SLC39A6,0.9817243322104201
R+P,luminal,29,TCEAL3,0.9814409665650028
R+P,luminal,30,RARA,0.9807488159398987
R+P,luminal,31,SCCPDH,0.9798422607675038
R+P,luminal,32,CELSR2,0.9795341824339477
R+P,luminal,33,TJP3,0.978857367350495
R+P,luminal,34,ZMYND10,0.978417618251678
R+P,luminal,35,AGR2,0.9779246343108228
R+P,luminal,36,RBM47,0.9758503313649141
R+P,luminal,37,TMC4,0.9754669428236307
R+P,luminal,38,ARL3,0.9751911961097346
R+P,luminal,39,KDM4B,0.9748537165147959
R+P,luminal,40,NUDT16L1,0.9746951841319927
R+P,luminal,41,ZNF446,0.973652269621093
R+P,luminal,42,SFXN2,0.972911768084413
R+P,luminal,43,FGD3,0.9723428878641751
R+P,luminal,44,CASZ1,0.972179178515082
R+P,luminal,45,EML2,0.971886338044568
R+P,luminal,46,HAGH,0.9713206812184352
R+P,luminal,47,CCND1,0.9699613856921936
R+P,luminal,48,CRIP1,0.9696065193048096
R+P,luminal,49,HEXIM2,0.969365448497195
R+P,luminal,50,BCAT2,0.9693065482958209
R+D,basal,1,ILF2,0.9985478598181119
R+D,basal,2,GTPBP4,0.9983268448841034
R+D,basal,3,LSM2,0.9965640556969574
R+D,basal,4,CREB3L4,0.9958275382475661
R+D,basal,5,TUBB,0.9945661369813292
R+D,basal,6,RBM28,0.9934394426756427
R+D,basal,7,E2F3,0.9922554797887535
R+D,basal,8,NOL7,0.9893424577577052
R+D,basal,9,DNAJC2,0.9893235672279415
R+D,basal,10,TBC1D7,0.9891584989644748
R+D,basal,11,CDKN2A,0.9862216216893435
R+D,basal,12,NDUFA9,0.9846868589799354
R+D,basal,13,IQGAP3,0.9846120028055566
R+D,basal,14,HDGF,0.9831208212698326
R+D,basal,15,CDCA2,0.9821132086405331
R+D,basal,16,GTSE1,0.9815567200224162
R+D,basal,17,NOL10,0.9800993599223295
R+D,basal,18,PSMB4,0.9788459327623362
R+D,basal,19,PDIA6,0.9769396949473674
R+D,basal,20,CPSF3,0.9767159935497582
R+D,basal,21,ABCF1,0.9747599069101984
R+D,basal,22,CDCA3,0.9747537237796888
R+D,basal,23,TPI1,0.9734471216973128
R+D,basal,24,ASNS,0.9732383450974853
R+D,basal,25,GMPS,0.9730379081745042
R+D,basal,26,MRPL9,0.9724834914679622
R+D,basal,27,SLC2A1,0.9720567946106091
R+D,basal,28,KIFC1,0.971198320242201
R+D,basal,29,GPN1,0.9711312195043739
R+D,basal,30,PSMC2,0.9698239351455279
R+D,basal,31,PLOD3,0.9697879694941018
R+D,basal,32,PPM1G,0.9688010747901232
R+D,basal,33,KIF2C,0.9687948490173343
R+D,basal,34,PSMD4,0.968754509421044
R+D,basal,35,PUS7,0.9664660688560236
R+D,basal,36,DLGAP5,0.9664153916182128
R+D,basal,37,CDC20,0.9656008143651946
R+D,basal,38,KIF18B,0.9655569172498046
R+D,basal,39,BYSL,0.9640981430822453
R+D,basal,40,HAX1,0.9635268644654381
R+D,basal,41,ERGIC2,0.9635181654404452
R+D,basal,42,KDM1B,0.9628537560854797
R+D,basal,43,ANP32E,0.962550953259627
R+D,basal,44,FLAD1,0.96221220299226
R+D,basal,45,GAPDH,0.9621407345320249
R+D,basal,46,MEX3A,0.9620806515603834
R+D,basal,47,BUD31,0.96147832936419
R+D,basal,48,DSCC1,0.959179679084487
R+D,basal,49,NUP205,0.9590174733120336
R+D,basal,50,MTPAP,0.9583806236211618
R+D,her2,1,ERBB2,0.9988966672704789
R+D,her2,2,GRB7,0.9984662159114823
R+D,her2,3,CDK12,0.9982379546744041
R+D,her2,4,NSDHL,0.9927004269790218
R+D,her2,5,PSMD3,0.984978975192215
R+D,her2,6,DBNDD1,0.9839259387611314
R+D,her2,7,PGK1,0.983887276302815
R+D,her2,8,LAD1,0.9831690040298151
R+D,her2,9,SDC1,0.9819809917129736
R+D,her2,10,LASP1,0.9772604640390518
R+D,her2,11,LIMK1,0.9768770684563016
R+D,her2,12,NUFIP2,0.9759642920085775
R+D,her2,13,TMEM214,0.974723229918808
R+D,her2,14,PSMB3,0.9737151202261849
R+D,her2,15,PSME4,0.9734531019267527
R+D,her2,16,AKT1,0.9693153684666183
R+D,her2,17,HSPH1,0.9685846910981952
R+D,her2,18,VPS33A,0.9682680412763729
R+D,her2,19,TMED3,0.9678990829686618
R+D,her2,20,AP1B1,0.967488275952088
R+D,her2,21,UGGT1,0.9670401255690656
R+D,her2,22,GALNS,0.9629568082728766
R+D,her2,23,EPCAM,0.9625330065449476
R+D,her2,24,NUTF2,0.9603135977414803
R+D,her2,25,PDIA4,0.9589210974810218
R+D,her2,26,NRBP1,0.9581145725873728
R+D,her2,27,GINS3,0.9571784427998022
R+D,her2,28,NUP93,0.9558464449167616
R+D,her2,29,CDH1,0.955128909619583
R+D,her2,30,RAB10,0.9536369120122528
R+D,her2,31,MB,0.9530725771381436
R+D,her2,32,EPN3,0.9518811100701671
R+D,her2,33,ARRDC1,0.9506226121552576
R+D,her2,34,HPCAL1,0.9490668693172024
R+D,her2,35,NUDT9,0.948917812099472
R+D,her2,36,PREB,0.9487023084611188
R+D,her2,37,PTPRJ,0.9468684594291217
R+D,her2,38,RRM2,0.9462381889580831
R+D,her2,39,GOLGA2,0.9443150486581942
R+D,her2,40,PSMB7,0.9438898500088405
R+D,her2,41,CPSF3,0.9436554808041044
R+D,her2,42,TUBB3,0.9435250040667519
R+D,her2,43,PPM1G,0.9432332541763532
R+D,her2,44,SRCIN1,0.9424682900262034
R+D,her2,45,PDIA6,0.9422173359431247
R+D,her2,46,GGCT,0.939198923720507
R+D,her2,47,SEC23B,0.938630335875301
R+D,her2,48,CBFB,0.938496172463805
R+D,her2,49,PDF,0.9368188618260546
R+D,her2,50,NAGK,0.9345665469704566
R+D,luminal,1,GATA3,0.9993271841667372
R+D,luminal,2,RALGPS2,0.9902648440721159
R+D,luminal,3,CXXC5,0.9848911239388547
R+D,luminal,4,MCCC2,0.9832401917392571
R+D,luminal,5,FAM151B,0.9785468821018903
R+D,luminal,6,ZG16B,0.9740748703502173
R+D,luminal,7,COG7,0.9711962942343071
R+D,luminal,8,IFT140,0.9673340583862984
R+D,luminal,9,BCL9,0.9648483815537425
R+D,luminal,10,NDUFA2,0.9625863754552308
R+D,luminal,11,KRT18,0.9601762046793628
R+D,luminal,12,ROGDI,0.9590706806252991
R+D,luminal,13,IGFALS,0.9590522533315071
R+D,luminal,14,CELSR1,0.9575352461543121
R+D,luminal,15,TMC4,0.9574127571783199
R+D,luminal,16,EVL,0.9573515126903238
R+D,luminal,17,NUDT16L1,0.9572807061179979
R+D,luminal,18,RSPH1,0.9569228012743513
R+D,luminal,19,TLE3,0.9566165788343708
R+D,luminal,20,PANK3,0.9554643825681094
R+D,luminal,21,RAB11FIP3,0.9538275050841158
R+D,luminal,22,HAGH,0.9534790049238637
R+D,luminal,23,ZNF467,0.952170772538554
R+D,luminal,24,MSI2,0.9521457312106569
R+D,luminal,25,EXOC6,0.9509820859387315
R+D,luminal,26,PIGQ,0.9464781665245863
R+D,luminal,27,UBFD1,0.9458141025073159
R+D,luminal,28,PIGT,0.9457763044590646
R+D,luminal,29,F7,0.9454700820190842
R+D,luminal,30,TCEAL3,0.9424691021072763
R+D,luminal,31,PCYOX1L,0.9422413654073869
R+D,luminal,32,ARHGAP32,0.942224124155292
R+D,luminal,33,GALNT6,0.9416586483804311
R+D,luminal,34,COPZ1,0.9415728436318339
R+D,luminal,35,FUT8,0.9409379899073742
R+D,luminal,36,TGFB3,0.9397131001474527
R+D,luminal,37,HEXIM2,0.9382674868487613
R+D,luminal,38,CEACAM5,0.938232361781576
R+D,luminal,39,ARL3,0.9379982544835624
R+D,luminal,40,FLYWCH2,0.9375732406846481
R+D,luminal,41,LARP4,0.9375333399074908
R+D,luminal,42,GLYR1,0.9374796845474449
R+D,luminal,43,COG2,0.9370795871636213
R+D,luminal,44,IRX5,0.9364058977956644
R+D,luminal,45,MAPK9,0.936374614787219
R+D,luminal,46,MARVELD2,0.936367857166383
R+D,luminal,47,AP2B1,0.9349360300837584
R+D,luminal,48,JMJD8,0.9344742468773546
R+D,luminal,49,NSMCE1,0.9338836932816983
R+D,luminal,50,NME3,0.933880768765118
R+P+D,basal,1,GTPBP4,0.9952013220037669
R+P+D,basal,2,RBM28,0.9908380814891024
R+P+D,basal,3,TBC1D7,0.9891584989644748
R+P+D,basal,4,DNAJC2,0.9890354372884455
R+P+D,basal,5,CDCA2,0.9847605552999502
R+P+D,basal,6,E2F3,0.9827641401988457
R+P+D,basal,7,NOL10,0.9824357918205341
R+P+D,basal,8,CDCA3,0.9820641768107686
R+P+D,basal,9,KIFC1,0.9795302081745634
R+P+D,basal,10,KIF2C,0.9789100916919327
R+P+D,basal,11,TUBB,0.9789024911571865
R+P+D,basal,12,ASNS,0.9776571574232878
R+P+D,basal,13,IQGAP3,0.9770136904318608
R+P+D,basal,14,CDC20,0.9769444348683863
R+P+D,basal,15,PUS7,0.9765799984311285
R+P+D,basal,16,DLGAP5,0.9760141898694776
R+P+D,basal,17,ANP32E,0.9747884194229313
R+P+D,basal,18,CDKN2A,0.9741989039213999
R+P+D,basal,19,SLC2A1,0.9740865637080754
R+P+D,basal,20,PDIA6,0.9733311901245187
R+P+D,basal,21,NOL7,0.9714093978667083
R+P+D,basal,22,PLOD3,0.9706914681014496
R+P+D,basal,23,MEX3A,0.9705051693848432
R+P+D,basal,24,ABCF1,0.9697499031539648
R+P+D,basal,25,GMPS,0.9697068763725261
R+P+D,basal,26,CPSF3,0.9676571939809929
R+P+D,basal,27,DSCC1,0.967343440650145
R+P+D,basal,28,KIF11,0.9671300792062386
R+P+D,basal,29,SSRP1,0.9661446292288015
R+P+D,basal,30,GTSE1,0.9642954356114246
R+P+D,basal,31,CENPF,0.9605658290163652
R+P+D,basal,32,XPO5,0.9602119979122667
R+P+D,basal,33,MKI67,0.9592209891245004
R+P+D,basal,34,GNL2,0.9571940603091275
R+P+D,basal,35,BYSL,0.9556848271254257
R+P+D,basal,36,KIF18B,0.9555932957642446
R+P+D,basal,37,NCAPH,0.9552192232232254
R+P+D,basal,38,PFDN2,0.9530575998232876
R+P+D,basal,39,CDC123,0.952729730514886
R+P+D,basal,40,RPP40,0.9521237274654079
R+P+D,basal,41,SRPK1,0.95175868420417
R+P+D,basal,42,MELK,0.9500274692611222
R+P+D,basal,43,RAD51AP1,0.9498854388699636
R+P+D,basal,44,BUD31,0.9492319208243362
R+P+D,basal,45,HSPA14,0.9491100975649133
R+P+D,basal,46,SUV39H2,0.94828794065992
R+P+D,basal,47,RRM2,0.9467636307996735
R+P+D,basal,48,AURKB,0.9463882387199485
R+P+D,basal,49,PRCC,0.9461522235362829
R+P+D,basal,50,LARP4B,0.9459961774838802
R+P+D,her2,1,ERBB2,0.9978694013544533
R+P+D,her2,2,GRB7,0.9972952189450913
R+P+D,her2,3,CDK12,0.9952146023120679
R+P+D,her2,4,NSDHL,0.9933692982748706
R+P+D,her2,5,SDC1,0.9811352024188577
R+P+D,her2,6,PGK1,0.9804776163371138
R+P+D,her2,7,PSME4,0.9783220909283554
R+P+D,her2,8,UGGT1,0.9765496455049311
R+P+D,her2,9,AKT1,0.9708861031858532
R+P+D,her2,10,TMED3,0.9706394346001485
R+P+D,her2,11,ARRDC1,0.9630607337230686
R+P+D,her2,12,PSMD3,0.9625774819023104
R+P+D,her2,13,NUDT9,0.9622114151892426
R+P+D,her2,14,HPCAL1,0.9609978045571109
R+P+D,her2,15,HSPH1,0.9589924528542374
R+P+D,her2,16,TMEM214,0.9570943311882814
R+P+D,her2,17,GALNS,0.9560611447898285
R+P+D,her2,18,GGCT,0.9559783404156735
R+P+D,her2,19,RAB10,0.9552229011314247
R+P+D,her2,20,RRM2,0.9550499792463044
R+P+D,her2,21,PDIA4,0.9530424254009372
R+P+D,her2,22,GOLGA2,0.9516753204742466
R+P+D,her2,23,YKT6,0.9511955730567122
R+P+D,her2,24,LAD1,0.9500463637566239
R+P+D,her2,25,HEATR3,0.9465292286109522
R+P+D,her2,26,PREB,0.9464760835334096
R+P+D,her2,27,ACTR3,0.9463720924965925
R+P+D,her2,28,NRBP1,0.9445447880928785
R+P+D,her2,29,NAGK,0.9435761224017717
R+P+D,her2,30,MANF,0.9412535891225308
R+P+D,her2,31,PEX13,0.9411814471018713
R+P+D,her2,32,MAN1B1,0.9403028993498502
R+P+D,her2,33,HYOU1,0.9400538715238468
R+P+D,her2,34,CLTC,0.9393162084963115
R+P+D,her2,35,SRCIN1,0.938545247675437
R+P+D,her2,36,PDIA6,0.9362443490236291
R+P+D,her2,37,VPS33A,0.9360913808738925
R+P+D,her2,38,MTHFD2,0.9354950140048502
R+P+D,her2,39,TMEM33,0.9346509908207464
R+P+D,her2,40,ACTR2,0.9317896405108197
R+P+D,her2,41,ARPC5L,0.9311733344264107
R+P+D,her2,42,LASP1,0.9298591834772081
R+P+D,her2,43,SPINT1,0.929688283119965
R+P+D,her2,44,PANX1,0.9293851196864281
R+P+D,her2,45,LIMK1,0.9289470953667318
R+P+D,her2,46,SEC23B,0.9282318109839935
R+P+D,her2,47,DBNDD1,0.9278610148117045
R+P+D,her2,48,LNX2,0.926822495574806
R+P+D,her2,49,HRAS,0.9260566252514212
R+P+D,her2,50,NUFIP2,0.9248509690035848
R+P+D,luminal,1,GATA3,0.9995105613334213
R+P+D,luminal,2,RALGPS2,0.9888069966083357
R+P+D,luminal,3,CXXC5,0.9876782031837079
R+P+D,luminal,4,IFT140,0.9781409160353918
R+P+D,luminal,5,CELSR1,0.9714447954364535
R+P+D,luminal,6,EVL,0.9676008816864049
R+P+D,luminal,7,TLE3,0.9672745048933837
R+P+D,luminal,8,MSI2,0.9672383638079635
R+P+D,luminal,9,NUDT16L1,0.9669811504165379
R+P+D,luminal,10,EXOC6,0.9634772815185539
R+P+D,luminal,11,HAGH,0.961911206734095
R+P+D,luminal,12,TCEAL3,0.9608281725167799
R+P+D,luminal,13,KRT18,0.9608143167988784
R+P+D,luminal,14,MCCC2,0.9593007649668085
R+P+D,luminal,15,FAM151B,0.958175735984338
R+P+D,luminal,16,TMC4,0.9568454900225318
R+P+D,luminal,17,ARL3,0.9566616588799345
R+P+D,luminal,18,FLYWCH2,0.9555604207925872
R+P+D,luminal,19,HEXIM2,0.9536922492376602
R+P+D,luminal,20,FOXA1,0.9535871588641033
R+P+D,luminal,21,RAB11FIP3,0.9517153718513581
R+P+D,luminal,22,MAPK9,0.9503038060876475
R+P+D,luminal,23,NME3,0.9498271906272832
R+P+D,luminal,24,RSPH1,0.9461724739857881
R+P+D,luminal,25,COG7,0.9456689154135556
R+P+D,luminal,26,IRX5,0.9450083403208164
R+P+D,luminal,27,RBM47,0.9444550037873959
R+P+D,luminal,28,ERBB3,0.9437726210232164
R+P+D,luminal,29,ZMYND10,0.9432689854949373
R+P+D,luminal,30,FUT8,0.9416092549572657
R+P+D,luminal,31,LRBA,0.9414714696039456
R+P+D,luminal,32,KCTD6,0.9388265456818271
R+P+D,luminal,33,UBFD1,0.9335321432574434
R+P+D,luminal,34,EML2,0.9333076216814655
R+P+D,luminal,35,ARHGAP32,0.9322020885772532
R+P+D,luminal,36,AP2B1,0.9319644690804986
R+P+D,luminal,37,ZNF703,0.9291903073399937
R+P+D,luminal,38,CCND1,0.9289002345659285
R+P+D,luminal,39,COG2,0.9288950815826832
R+P+D,luminal,40,STARD10,0.9272394878171143
R+P+D,luminal,41,PANK3,0.9242211738692725
R+P+D,luminal,42,GALNT6,0.9227464640697578
R+P+D,luminal,43,P2RX4,0.9218693043623327
R+P+D,luminal,44,STUB1,0.9210723548690852
R+P+D,luminal,45,N4BP3,0.92004444622887
R+P+D,luminal,46,HIRIP3,0.9191768224352964
R+P+D,luminal,47,SRA1,0.9190392708471745
R+P+D,luminal,48,RHBDF1,0.9164265648562152
R+P+D,luminal,49,KRT8,0.9157905991301725
R+P+D,luminal,50,TGFB3,0.9142519510327475
MOFA+,basal,1,CDC20,7.015934646618926
MOFA+,basal,2,GTPBP4,6.997959220257421
MOFA+,basal,3,KIF2C,6.974160939828254
MOFA+,basal,4,CDCA8,6.547122812533644
MOFA+,basal,5,E2F3,6.509266552617927
MOFA+,basal,6,RBM28,6.4821555241837245
MOFA+,basal,7,MEX3A,6.321029216108163
MOFA+,basal,8,DNAJC2,6.2751909192778275
MOFA+,basal,9,ASNS,6.251432915119622
MOFA+,basal,10,BOP1,6.223017496237244
MOFA+,basal,11,PLOD3,6.19529885380237
MOFA+,basal,12,TTK,6.094465938953602
MOFA+,basal,13,NCAPD2,6.0919564169273155
MOFA+,basal,14,TUBB,6.027877712872973
MOFA+,basal,15,XPO5,5.983518061199729
MOFA+,basal,16,SRPK1,5.980363510810493
MOFA+,basal,17,TRIP13,5.967912621485558
MOFA+,basal,18,ANP32E,5.963365106837574
MOFA+,basal,19,NOL10,5.916994099985297
MOFA+,basal,20,CDCA3,5.899087815110457
MOFA+,basal,21,NDC80,5.865937194126772
MOFA+,basal,22,SLC2A1,5.858364138527498
MOFA+,basal,23,NUDCD1,5.854558604709097
MOFA+,basal,24,CDC123,5.743083091425422
MOFA+,basal,25,PUS7,5.7251977895157555
MOFA+,basal,26,HAUS8,5.6855754492433626
MOFA+,basal,27,ABCF1,5.6855697533545335
MOFA+,basal,28,KIFC1,5.681602867593129
MOFA+,basal,29,SUV39H2,5.646645980749138
MOFA+,basal,30,NCAPH,5.617019854842171
MOFA+,basal,31,PDIA6,5.56383006207308
MOFA+,basal,32,MCM7,5.531764411101877
MOFA+,basal,33,CALU,5.446709331270953
MOFA+,basal,34,BEND3,5.432235320126103
MOFA+,basal,35,DNMT3A,5.388996387559975
MOFA+,basal,36,HSPA14,5.333975377117412
MOFA+,basal,37,PFDN2,5.287808874128263
MOFA+,basal,38,PPIH,5.284947332420863
MOFA+,basal,39,GMPS,5.269833393707601
MOFA+,basal,40,CHEK2,5.26524687621526
MOFA+,basal,41,IQGAP3,5.257367841795038
MOFA+,basal,42,EBNA1BP2,5.236394389310317
MOFA+,basal,43,TPX2,5.236084494654172
MOFA+,basal,44,BUD31,5.209524892234578
MOFA+,basal,45,SMC4,5.207484764108988
MOFA+,basal,46,NOL7,5.199318322234891
MOFA+,basal,47,RPP40,5.183362189114906
MOFA+,basal,48,SKA1,5.181544587388446
MOFA+,basal,49,CUL2,5.174606224653546
MOFA+,basal,50,TYMS,5.174487795532212
MOFA+,her2,1,ESRP2,8.490262614967115
MOFA+,her2,2,NUTF2,8.079660739165412
MOFA+,her2,3,CDH11,8.008899645777984
MOFA+,her2,4,CDH1,8.007674098197521
MOFA+,her2,5,DBNDD1,7.812100382745127
MOFA+,her2,6,GALNS,7.513214580879498
MOFA+,her2,7,RRBP1,7.468045224371052
MOFA+,her2,8,APRT,7.352816934122001
MOFA+,her2,9,TUBB3,7.321957771394709
MOFA+,her2,10,PDF,7.239408986133649
MOFA+,her2,11,HMGCS1,6.846036578067696
MOFA+,her2,12,G6PD,6.81626154190674
MOFA+,her2,13,YKT6,6.669340463261383
MOFA+,her2,14,SDC1,6.482297424705606
MOFA+,her2,15,LDHA,6.439676243020948
MOFA+,her2,16,CKAP4,6.341817820469246
MOFA+,her2,17,HEATR3,6.321395876323989
MOFA+,her2,18,TMSB10,6.31891571907635
MOFA+,her2,19,NUP93,6.198404873786818
MOFA+,her2,20,GINS3,6.166717437737975
MOFA+,her2,21,PLAU,6.147547124107096
MOFA+,her2,22,ACTR2,6.136368957169918
MOFA+,her2,23,KMO,6.041656075644194
MOFA+,her2,24,GGCT,6.0392831250289545
MOFA+,her2,25,SEC24D,5.990953750105477
MOFA+,her2,26,SLC7A5,5.935041033474563
MOFA+,her2,27,PLIN3,5.855997375545051
MOFA+,her2,28,SHCBP1,5.849524620503672
MOFA+,her2,29,CLIC3,5.822156038180013
MOFA+,her2,30,HSBP1,5.811697779526827
MOFA+,her2,31,PANX1,5.797221980742798
MOFA+,her2,32,MMP13,5.757200564848392
MOFA+,her2,33,NSDHL,5.752431662450347
MOFA+,her2,34,PMM2,5.70001809354394
MOFA+,her2,35,ERBB2,5.693386067130116
MOFA+,her2,36,CBFB,5.634104910799368
MOFA+,her2,37,LMO7,5.61907671249177
MOFA+,her2,38,PGK1,5.611406349018919
MOFA+,her2,39,QPRT,5.455810011545186
MOFA+,her2,40,COL5A2,5.442593458918752
MOFA+,her2,41,HYOU1,5.411956092010977
MOFA+,her2,42,MMP11,5.410020039990567
MOFA+,her2,43,PPP1R14B,5.401595260336766
MOFA+,her2,44,POR,5.3833822554367705
MOFA+,her2,45,THY1,5.3613761233554875
MOFA+,her2,46,LIMK1,5.360287656191229
MOFA+,her2,47,PDIA5,5.336312810137263
MOFA+,her2,48,ACTB,5.290346013119498
MOFA+,her2,49,INHBA,5.275836501124189
MOFA+,her2,50,CYP51A1,5.2346684381716395
MOFA+,luminal,1,FOXA1,7.101491344166505
MOFA+,luminal,2,MCCC2,6.6705518681795315
MOFA+,luminal,3,RBM47,6.419805725444521
MOFA+,luminal,4,CA12,6.397463537635194
MOFA+,luminal,5,CXXC5,5.980590432386537
MOFA+,luminal,6,KRT18,5.8769403416023
MOFA+,luminal,7,MAPK9,5.81142780064667
MOFA+,luminal,8,MARVELD2,5.749486358230449
MOFA+,luminal,9,LRBA,5.562768373582172
MOFA+,luminal,10,GALNT7,5.518105308266428
MOFA+,luminal,11,ERGIC1,5.36774064420551
MOFA+,luminal,12,PRR15,5.366155984351072
MOFA+,luminal,13,PRRC1,5.290308260985925
MOFA+,luminal,14,NUDT16L1,5.226393101775284
MOFA+,luminal,15,EVL,5.12001178140184
MOFA+,luminal,16,COG7,5.11445187745005
MOFA+,luminal,17,SAR1B,5.083265678854106
MOFA+,luminal,18,IFT140,5.067411433975001
MOFA+,luminal,19,PDXDC1,5.045915050258088
MOFA+,luminal,20,PANK3,4.982731183013689
MOFA+,luminal,21,ZG16B,4.955956469701433
MOFA+,luminal,22,AGR2,4.917296829889773
MOFA+,luminal,23,KRT8,4.874064727283632
MOFA+,luminal,24,CCDC125,4.866244592638576
MOFA+,luminal,25,KCTD6,4.775397335742287
MOFA+,luminal,26,SRA1,4.7657442969486805
MOFA+,luminal,27,RARA,4.746836572478631
MOFA+,luminal,28,GALNT6,4.6881624475922425
MOFA+,luminal,29,RALGPS2,4.641942764344127
MOFA+,luminal,30,STARD10,4.6375898428327424
MOFA+,luminal,31,REPS2,4.624684954467623
MOFA+,luminal,32,ERBB3,4.560073114384471
MOFA+,luminal,33,ARFIP2,4.5472540537852195
MOFA+,luminal,34,SMUG1,4.543525270507153
MOFA+,luminal,35,UGDH,4.528199875990231
MOFA+,luminal,36,TOM1L1,4.489841654593968
MOFA+,luminal,37,SEMA3F,4.487153305042857
MOFA+,luminal,38,FLYWCH2,4.459551071179215
MOFA+,luminal,39,SORD,4.456317727798691
MOFA+,luminal,40,NDUFA2,4.4335784543243335
MOFA+,luminal,41,CRIP1,4.421685377392787
MOFA+,luminal,42,PCYOX1L,4.3917566192149655
MOFA+,luminal,43,NME3,4.334137449762384
MOFA+,luminal,44,GSTCD,4.3230685499407535
MOFA+,luminal,45,FUT8,4.319875389858108
MOFA+,luminal,46,NUCB2,4.302890993238373
MOFA+,luminal,47,TLE3,4.284921365209398
MOFA+,luminal,48,ZNF552,4.278789473808569
MOFA+,luminal,49,EXOC6,4.273968973541153
MOFA+,luminal,50,NAPA,4.273541398998203
