tcga_id,pam50,er,pr,her2,qc
TCGA-A2-A0CM,Basal,Negative,Negative,Negative,pass
TCGA-A2-A0D2,Basal,Negative,Negative,Negative,pass
TCGA-A2-A0EQ,Her2,Negative,Negative,Positive,pass
TCGA-A2-A0EV,LumA,Positive,Positive,Negative,pass
TCGA-A2-A0EX,LumA,Positive,Positive,Negative,pass
TCGA-A2-A0EY,LumB,Positive,Negative,Positive,pass
TCGA-A2-A0SW,LumB,Positive,Negative,Negative,pass
TCGA-A2-A0SX,Basal,Negative,Negative,Negative,pass
TCGA-A2-A0T3,LumB,Positive,Positive,Negative,pass
TCGA-A2-A0T6,LumA,Positive,Positive,Negative,pass
TCGA-A2-A0YC,LumA,Positive,Positive,Negative,pass
TCGA-A2-A0YD,LumA,Positive,Positive,Negative,pass
TCGA-A2-A0YF,LumA,Positive,Negative,Negative,pass
TCGA-A2-A0YG,LumB,Positive,Positive,Positive,pass
TCGA-A2-A0YM,Basal,Negative,Negative,Negative,pass
TCGA-A7-A0CE,Basal,Negative,Negative,Negative,pass
TCGA-A7-A0CJ,LumB,Positive,Positive,Negative,pass
TCGA-A7-A13F,LumB,Positive,Positive,Negative,pass
TCGA-A8-A06N,LumB,Positive,Negative,Negative,pass
TCGA-A8-A06Z,LumB,Positive,Positive,Negative,pass
TCGA-A8-A076,Her2,Positive,Positive,Positive,pass
TCGA-A8-A079,LumB,Positive,Positive,Negative,pass
TCGA-A8-A08Z,LumA,Positive,Positive,Negative,pass
TCGA-A8-A09G,Her2,Positive,Negative,Positive,pass
TCGA-AN-A04A,LumA,Positive,Positive,Negative,pass
TCGA-AN-A0AJ,LumB,Positive,Positive,Positive,pass
TCGA-AN-A0AL,Basal,Negative,Negative,Negative,pass
TCGA-AN-A0AM,LumB,Positive,Negative,Negative,pass
TCGA-AN-A0FK,LumB,Positive,Positive,Negative,pass
TCGA-AN-A0FL,Basal,Negative,Negative,Negative,pass
TCGA-AO-A03O,LumB,Positive,Positive,Negative,pass
TCGA-AO-A0J6,Basal,Negative,Negative,Negative,pass
TCGA-AO-A0J9,LumA,Positive,Positive,Negative,pass
TCGA-AO-A0JC,LumB,Positive,Positive,Negative,pass
TCGA-AO-A0JE,Her2,Negative,Negative,Positive,pass
TCGA-AO-A0JJ,LumA,Positive,Positive,Negative,pass
TCGA-AO-A0JL,Basal,Negative,Negative,Negative,pass
TCGA-AO-A0JM,LumB,Positive,Positive,Positive,pass
TCGA-AO-A126,LumA,Positive,Positive,Negative,pass
TCGA-AO-A12B,LumB,Positive,Positive,Negative,pass
TCGA-AO-A12D,Her2,Negative,Negative,Positive,pass
TCGA-AO-A12E,LumA,Positive,Positive,Negative,pass
TCGA-AO-A12F,Basal,Negative,Negative,Negative,pass
TCGA-AR-A0TR,LumA,Positive,Positive,Negative,pass
TCGA-AR-A0TT,LumB,Positive,Negative,Negative,pass
TCGA-AR-A0TV,LumB,Positive,Positive,Negative,pass
TCGA-AR-A0TX,Her2,Positive,Positive,Positive,pass
TCGA-AR-A0U4,Basal,Negative,Negative,Negative,pass
TCGA-AR-A1AP,LumA,Positive,Positive,Negative,pass
TCGA-AR-A1AS,LumA,Positive,Positive,Negative,pass
TCGA-AR-A1AV,LumB,Positive,Positive,Negative,pass
TCGA-AR-A1AW,LumA,Positive,Positive,Negative,pass
TCGA-BH-A0AV,Basal,Negative,Negative,Negative,pass
TCGA-BH-A0BV,LumA,Positive,Positive,Negative,pass
TCGA-BH-A0C1,LumA,Positive,Positive,Negative,pass
TCGA-BH-A0C7,LumB,Positive,Negative,Positive,pass
TCGA-BH-A0DD,LumB,Positive,Positive,Positive,pass
TCGA-BH-A0DG,LumA,Positive,Negative,Negative,pass
TCGA-BH-A0E1,LumA,Positive,Positive,Negative,pass
TCGA-BH-A0E9,LumA,Positive,Positive,Negative,pass
TCGA-BH-A18N,LumA,Positive,Positive,Negative,pass
TCGA-BH-A18Q,Basal,Negative,Negative,Negative,pass
TCGA-BH-A18U,LumB,Positive,Positive,Positive,pass
TCGA-C8-A12L,Her2,Negative,Negative,Positive,pass
TCGA-C8-A12T,Her2,Positive,Positive,Positive,pass
TCGA-C8-A12U,LumB,Positive,Positive,Negative,pass
TCGA-C8-A12V,Basal,Negative,Negative,Negative,pass
TCGA-C8-A12Z,Her2,Negative,Negative,Positive,pass
TCGA-C8-A130,Her2,Positive,Positive,Equivocal,pass
TCGA-C8-A131,Basal,Negative,Negative,Negative,pass
TCGA-C8-A134,Basal,Negative,Negative,Negative,pass
TCGA-C8-A135,Her2,Negative,Negative,Positive,pass
TCGA-C8-A138,Her2,Positive,Negative,Positive,pass
TCGA-D8-A142,Basal,Negative,Negative,Negative,pass
TCGA-E2-A154,LumA,Positive,Positive,Negative,pass
TCGA-E2-A158,Basal,Negative,Negative,Negative,pass
TCGA-E2-A15A,LumB,Positive,Positive,Negative,pass
TCGA-A2-A0D0,Basal,Negative,Negative,Negative,fail
TCGA-A2-A0D1,Her2,Negative,Negative,Positive,fail
TCGA-A2-A0T1,Her2,Negative,Negative,Positive,fail
TCGA-A2-A0T2,Basal,Negative,Negative,Negative,fail
TCGA-A2-A0T7,LumA,Positive,Positive,Negative,fail
TCGA-A2-A0YI,LumA,Positive,Positive,Negative,fail
TCGA-A2-A0YL,LumA,Positive,Positive,Negative,fail
TCGA-A7-A0CD,LumA,Positive,Positive,Negative,fail
TCGA-A8-A08G,LumB,Positive,Positive,Positive,fail
TCGA-A8-A09I,LumB,Positive,Positive,Positive,fail
TCGA-AN-A0AS,LumB,Positive,Negative,Negative,fail
TCGA-AR-A0TY,LumB,Positive,Negative,Negative,fail
TCGA-AR-A1AQ,Basal,Negative,Negative,Negative,fail
TCGA-BH-A0BZ,LumB,Positive,Positive,Negative,fail
TCGA-BH-A0C0,LumB,Positive,Positive,Positive,fail
TCGA-BH-A0E0,Basal,Negative,Negative,Negative,fail
TCGA-BH-A0EE,Her2,Negative,Negative,Positive,fail
TCGA-BH-A0HK,LumA,Positive,Negative,Negative,fail
TCGA-BH-A0HP,LumA,Positive,Negative,Negative,fail
TCGA-BH-A18R,Her2,Indeterminate,Negative,Positive,fail
TCGA-BH-A18V,Basal,Negative,Negative,Negative,fail
TCGA-C8-A12P,Her2,Negative,Negative,Positive,fail
TCGA-C8-A12Q,Her2,Negative,Negative,Positive,fail
TCGA-C8-A12W,LumB,Positive,Positive,Negative,fail
TCGA-D8-A13Y,LumB,Positive,Positive,Negative,fail
TCGA-E2-A10A,LumB,Positive,Positive,Negative,fail
TCGA-E2-A150,Basal,Negative,Negative,Negative,fail
TCGA-E2-A159,Basal,Negative,Negative,Negative,fail
