subtype,arm,vs,observed_diff,boot_lo,boot_hi,n_boot
basal,R+P,R,0.1585850474714019,-0.016648154574679698,0.3657284059666433,1000
basal,R+D,R,-0.09025664991751037,-0.2820541117551463,0.09379723676138871,1000
basal,R+P+D,R,0.08310732851917335,-0.1394492031981118,0.23157542068020073,1000
basal,MOFA+,R+P+D,-0.03709250486241,-0.17353767167658743,0.2566519852110733,200
basal,R+P+D,R+P,-0.07547771895222855,-0.2840619002853555,0.03465688045008198,1000
her2,R+P,R,0.15109568456609024,-0.09403402014503008,0.2897923735412631,1000
her2,R+D,R,-0.20165728049648074,-0.27449009786279766,0.04714151161599798,1000
her2,R+P+D,R,-0.044876608115355154,-0.1927982373906701,0.17046799358930212,1000
her2,MOFA+,R+P+D,0.01705875790472089,-0.27535938597221865,0.28686592737392375,200
her2,R+P+D,R+P,-0.1959722926814454,-0.25929623051232564,0.026109074225646543,1000
luminal,R+P,R,0.003398342095656287,-0.05799707891206724,0.07104071553111298,1000
luminal,R+D,R,-0.256955261945948,-0.2846150580733995,-0.05709220381925685,1000
luminal,R+P+D,R,-0.15014736217078833,-0.21630744961733384,0.0024171313163653184,1000
luminal,MOFA+,R+P+D,-0.05209972652431444,-0.14213970212200175,0.08456546208953095,200
luminal,R+P+D,R+P,-0.15354570426644465,-0.22858874521786457,-0.000658111911331815,1000
