arm,subtype,floor_pct_mean_effect,floor_mean_effect_median,floor_mean_effect_p05,floor_pct_precision,floor_precision_median,floor_pct_n_t2,floor_n_t2_median
R,basal,0.094,-0.44486810964819157,-0.6011968392828453,1.0,0.0,0.968,3.0
R,her2,0.644,-0.3999620054532288,-0.5419770026588191,0.068,0.0,0.0,2.0
R,luminal,0.998,-0.29564282151698595,-0.4186589237821262,0.032,0.0,0.863,2.0
R+P,basal,0.598,-0.4266044324570165,-0.5832449458643714,1.0,0.0,0.966,3.0
R+P,her2,0.991,-0.37081690777269033,-0.5174216555038428,0.306,0.0,0.183,2.0
R+P,luminal,0.999,-0.30829048192630903,-0.42212017279502295,0.05,0.0,0.497,1.0
R+D,basal,0.002,-0.39760068331797227,-0.5337915615438938,1.0,0.0,0.957,3.0
R+D,her2,0.088,-0.4484785445423939,-0.6049289922908972,0.322,0.0,0.001,3.0
R+D,luminal,0.349,-0.3544905830571305,-0.48522622913737906,0.039,0.0,0.638,2.0
R+P+D,basal,0.276,-0.43202744437557694,-0.5746155785486174,1.0,0.0,0.918,2.0
R+P+D,her2,0.493,-0.4136301046564016,-0.5586516223187933,0.251,0.0,0.054,3.0
R+P+D,luminal,0.96,-0.3953745447275231,-0.5314588674260334,0.056,0.0,0.863,2.0
R-all,basal,0.001,-0.48389215359516713,-0.6299411856041255,1.0,0.0,0.445,3.0
R-all,her2,0.433,-0.3829183916388905,-0.5173896521501543,0.376,0.0,0.004,3.0
R-all,luminal,0.997,-0.2830325547650608,-0.3946599495799263,0.003,0.0,0.244,2.0
MOFA+,basal,0.153,-0.4328171199557133,-0.5755544688954239,1.0,0.0,0.807,3.0
MOFA+,her2,0.57,-0.4123960086958995,-0.5534815129986035,0.332,0.0,0.112,2.0
MOFA+,luminal,0.787,-0.3870486803555412,-0.5225845222477128,0.286,0.0,0.637,2.0
