arm,subtype,n,mean_effect,n_scored,precision,n_t2
R,basal,50,-0.5638926666803554,50,0.0,1
R,her2,50,-0.3705415665152279,50,0.04,9
R,luminal,50,-0.12350358956895495,50,0.04,1
R+P,basal,50,-0.40530761920895353,50,0.0,1
R+P,her2,50,-0.21944588194913767,50,0.02,4
R+P,luminal,50,-0.12010524747329866,50,0.04,2
R+D,basal,50,-0.6541493165978658,50,0.0,1
R+D,her2,50,-0.5721988470117086,50,0.02,10
R+D,luminal,50,-0.38045885151490294,50,0.04,2
R+P+D,basal,50,-0.4807853381611821,50,0.0,1
R+P+D,her2,50,-0.41541817463058306,50,0.02,6
R+P+D,luminal,50,-0.2736509517397433,50,0.04,1
R-all,basal,50,-0.7722639564759003,50,0.0,4
R-all,her2,50,-0.3957362981925962,50,0.02,9
R-all,luminal,50,-0.1172646943084481,50,0.06,3
MOFA+,basal,50,-0.5178778430235921,50,0.0,2
MOFA+,her2,50,-0.39835941672586217,50,0.02,5
MOFA+,luminal,50,-0.32575067826405774,50,0.02,2
