arm,subtype,null_median,null_p05,mean_effect,null_pct_mean_effect
MOFA+,basal,-0.3889951945560759,-0.7399409894194376,-0.5178778430235921,0.22
MOFA+,her2,-0.3930197206468565,-0.7022956727559374,-0.39835941672586217,0.469
MOFA+,luminal,-0.38706270944304655,-0.5834359116792033,-0.32575067826405774,0.644
R,basal,-0.32045331442910696,-0.6148888257679022,-0.5638926666803554,0.083
R,her2,-0.3208479996840762,-0.6052636535992999,-0.3705415665152279,0.383
R,luminal,-0.31271305089724116,-0.5991679647388558,-0.12350358956895495,0.941
R+D,basal,-0.42226429884942673,-0.6354731027184162,-0.6541493165978658,0.03
R+D,her2,-0.43051858854178515,-0.6295709782294131,-0.5721988470117086,0.118
R+D,luminal,-0.4136760947560487,-0.6114756142498622,-0.38045885151490294,0.601
R+P,basal,-0.26231305253799375,-0.5948042222944027,-0.40530761920895353,0.226
R+P,her2,-0.26402237869195466,-0.5450965431034928,-0.21944588194913767,0.622
R+P,luminal,-0.25530092046642827,-0.588566818390815,-0.12010524747329866,0.903
R+P+D,basal,-0.3749647622221333,-0.6073592628468621,-0.4807853381611821,0.208
R+P+D,her2,-0.3668602974024285,-0.5887529159844901,-0.41541817463058306,0.353
R+P+D,luminal,-0.35020589581586137,-0.5938420834404996,-0.2736509517397433,0.736
