subtype,arm,rank,gene,nomination_score,mean_effect_subtype,n_dependent_lines,selectivity,hit_subtype,common_essential,clinical_stage,clinical_drugs,tumour_vs_normal_g,tractability_ab,tractability_oc,tractability_pr,tractability_sm,gtex_breast_tpm,gtex_max_other_tpm,gtex_max_other_tissue,atlas_mean_malignant,atlas_frac_malignant,atlas_mean_non_malignant,atlas_frac_non_malignant,atlas_malignant_ratio,atlas_n_malignant,atlas_n_other,cox_hr_per_sd,cox_p,cindex_high_is_risk,survival_n,survival_events,in_krug_list_same_arm
basal,R-all,1,E2F3,0.9985371205656468,-0.1942994612360357,3,-0.1855699702994366,False,False,0,0,1.0374387716006233,,Advanced Clinical,Database Ubiquitination,,6.60964,18.649,Cells_EBV-transformed_lymphocytes,0.06703208,0.0850996520088559,0.06686232,0.06257249645573001,1.0025015,18966,31036,1.262569887939283,0.005655628136852426,0.5268602182392732,1057,140,False
basal,R-all,2,SUV39H2,0.9974399609898816,0.026938661673461,0,0.0024683353525601,False,False,0,0,1.010826236242943,,,Database Ubiquitination|Small Molecule Binder|UniProt Ubiquitination,High-Quality Ligand|High-Quality Pocket|Structure with Ligand,2.74218,30.0186,Testis,0.03266927,0.04492249288199852,0.01467399,0.017979121020749993,2.148098,18966,31036,1.2932354380865743,0.0010382569966145346,0.5896657285340443,1057,140,False
basal,R-all,3,SRPK1,0.9970742411312934,-0.1208250381718358,0,0.0006820247857485,False,False,0,0,1.2623781901399502,GO CC high conf,,Database Ubiquitination|Half-life Data|Small Molecule Binder,Druggable Family|High-Quality Ligand|High-Quality Pocket|Structure with Ligand,9.61098,47.9434,Cells_EBV-transformed_lymphocytes,0.23117992,0.23927027312031388,0.15314402,0.13332903724705952,1.5062532,18966,31036,1.2453280463493472,0.007272665021201251,0.5667720008558403,1057,140,False
basal,R-all,4,ANP32E,0.996098988175058,-0.2820166429969818,2,-0.0566347074206302,False,False,0,0,0.5097140493012466,,,Database Ubiquitination|Half-life Data|UniProt Ubiquitination,,24.1927,160.246,Cells_EBV-transformed_lymphocytes,0.20226231,0.18733523146683026,0.23894271,0.18088671220518432,0.8471285,18966,31036,1.140544813833603,0.12444408801772311,0.521758093451176,1057,140,False
basal,R-all,5,HMGA1,0.9959770815555284,-0.6302086979806316,19,0.0153752644886462,False,True,0,0,1.405542712236257,,,Database Ubiquitination|Half-life Data|UniProt Ubiquitination,,36.1887,840.634,Cells_Cultured_fibroblasts,0.4205128,0.3325951703047464,0.28171843,0.1999291145766286,1.4909279,18966,31036,1.1211501695770834,0.18680313599742474,0.5639246860547409,1057,140,False
basal,R-all,6,CDC123,0.9951237352188224,-1.7415037520492227,26,0.1978185519077835,False,True,0,0,0.8952059534187717,,,Database Ubiquitination|Half-life Data,Structure with Ligand,61.3018,174.228,Cells_EBV-transformed_lymphocytes,0.23551366,0.23130865759780014,0.19708239,0.16851398376079413,1.1940166,18966,31036,1.1627412765688376,0.07334568349137874,0.5805888839513488,1057,140,False
basal,R-all,7,NCAPD2,0.9945142021211753,-1.5616345909349614,26,-0.0094825858425842,False,True,0,0,0.9526753509329938,,,Database Ubiquitination|Half-life Data,,13.9065,131.061,Cells_EBV-transformed_lymphocytes,0.084604904,0.07418538437203244,0.058523495,0.04884650083773762,1.4381701,18966,31036,1.1984011465366384,0.03134150182551795,0.5320610938297207,1057,140,False
basal,R-all,8,CDCA2,0.9937827624039984,-0.1748702986900208,0,-0.016808988631002,False,False,0,0,2.152668111457607,,,Database Ubiquitination|UniProt Ubiquitination,,0.179989,39.2243,Testis,0.022301676,0.028313824739006295,0.012025785,0.012566052326330613,1.7888885,18966,31036,1.135303116209217,0.12984212779782217,0.5668707516581906,1057,140,False
basal,R-all,9,CDCA8,0.992807509447763,-1.3199119074846992,24,0.0234095620099479,False,True,0,0,2.6473093347659447,,,Database Ubiquitination|Half-life Data|UniProt Ubiquitination,Structure with Ligand,1.6412,101.62,Cells_EBV-transformed_lymphocytes,0.056626786,0.05515132342085722,0.020124806,0.018752416548524213,2.72792,18966,31036,1.2438807581999431,0.007345523057343596,0.5761121809114699,1057,140,False
basal,R-all,10,RRP1B,0.9926856028282336,0.08807841172041,0,0.0262072725351481,False,False,0,0,0.5161228952476472,,,Database Ubiquitination|Half-life Data,,16.0651,48.1251,Cells_EBV-transformed_lymphocytes,0.106142,0.12395866287039643,0.096935324,0.0829359453537801,1.0940077,18966,31036,1.2482862479040284,0.005124086098746647,0.5404466827959644,1057,140,False
her2,R+D,1,GRB7,0.9997331921035462,-0.0638785509217244,1,-0.069594929142512,False,False,0,0,0.7341455283641115,GO CC med conf|Human Protein Atlas loc|UniProt loc med conf,,Small Molecule Binder,High-Quality Ligand|Structure with Ligand,15.4114,98.5013,Kidney_Medulla,0.20395283,0.17795001581777434,0.028341353,0.02319886583322598,6.985119,18966,31036,1.0656774039492736,0.44790249305530083,0.5254118731381359,1057,140,True
her2,R+D,2,ERBB2,0.9996722239289332,-1.172773725139216,12,-0.8946891860678836,True,False,4,15,0.7468825615673729,Approved Drug|GO CC high conf|Human Protein Atlas loc|UniProt SigP or TMHMM|UniProt loc high conf,Approved Drug,Database Ubiquitination|Half-life Data|Literature|Small Molecule Binder,Approved Drug|Druggable Family|High-Quality Ligand|High-Quality Pocket|Structure with Ligand,36.0161,133.034,Nerve_Tibial,0.44132727,0.29700516714119163,0.07904015,0.06450573527516515,5.526317,18966,31036,1.0026194564512494,0.9764508755774204,0.49152388946493525,1057,140,True
her2,R+D,3,PSMD3,0.9995653853583156,-2.097213844898286,19,-0.289334220925439,False,True,4,2,0.9002385032236582,GO CC high conf,,Database Ubiquitination|Half-life Data|UniProt Ubiquitination,Approved Drug|High-Quality Ligand|Structure with Ligand,104.544,193.924,Muscle_Skeletal,0.28211412,0.25804070441842575,0.20499305,0.18117669802809971,1.3743867,18966,31036,1.0511128124189533,0.5451976221821745,0.5273292845504369,1057,140,True
her2,R+D,4,AKT1,0.9936666820784916,-0.3437058308976796,8,-0.1444913672619772,False,False,4,3,0.8587041167511399,GO CC high conf|UniProt loc high conf,,Database Ubiquitination|Half-life Data|Literature|Small Molecule Binder|UniProt Ubiquitination,Advanced Clinical|Druggable Family|High-Quality Ligand|High-Quality Pocket|Structure with Ligand,58.0033,87.581,Artery_Aorta,0.25167808,0.20784561847516034,0.16963913,0.13084804742878337,1.4807745,18966,31036,0.9556523614571325,0.5796376312833749,0.5357889366184434,1057,140,True
her2,R+D,5,CLPB,0.9928638382693924,-0.3105762659128728,4,-0.1326799383490324,False,False,0,0,0.6650335784862214,,,Database Ubiquitination|Half-life Data,Structure with Ligand,2.83275,110.238,Testis,0.056694943,0.06970368026995517,0.03865551,0.040308029385230607,1.4549036,18966,31036,1.162514525582008,0.08922202744759736,0.5507496831745091,1057,140,False
her2,R+D,6,ATP6V1D,0.991393918779651,-0.8826729474848316,18,0.0479230256620721,False,True,0,0,0.5947807894113101,GO CC high conf|UniProt loc high conf,,Database Ubiquitination|Half-life Data,Structure with Ligand,19.5403,71.5817,Brain_Frontal_Cortex_BA9,0.22246498,0.23209954655699025,0.18048197,0.1634875628302606,1.2313343,18966,31036,0.8995014824225898,0.19286466499664828,0.5105169604503037,1057,140,False
her2,R+D,7,CDK12,0.9895690248415456,-0.7690572962214066,15,-0.0243078218857282,False,True,0,0,0.5035704618699387,,,Database Ubiquitination|Half-life Data|Literature|Small Molecule Binder|UniProt Ubiquitination,Advanced Clinical|Druggable Family|High-Quality Ligand|Structure with Ligand,14.2704,34.8908,Cells_EBV-transformed_lymphocytes,0.22831498,0.21459453759358257,0.19522414,0.16010439489624767,1.168638,18966,31036,1.023978688117198,0.7630813424740013,0.4867344755509472,1057,140,True
her2,R+D,8,ALDH18A1,0.9893936632906466,-0.2621222049993862,5,-0.1635663207323896,False,False,0,0,1.9639548017829025,,,Database Ubiquitination|Half-life Data,,21.7978,100.668,Cells_EBV-transformed_lymphocytes,0.11510159,0.13592744911947338,0.06295461,0.06424797009924046,1.8153747,18966,31036,1.1906486560610925,0.018325962552919527,0.5777086522161325,1057,140,False
her2,R+D,9,GOLGA5,0.9873899572732864,-0.1121137230327384,0,0.0302585127081533,False,False,0,0,0.761398857372925,UniProt SigP or TMHMM,,Database Ubiquitination|Half-life Data,,41.9013,84.0779,Cells_Cultured_fibroblasts,0.07745311,0.09659390488241877,0.08518934,0.08654465781672568,0.91024137,18966,31036,0.9122998256484416,0.29147737331266443,0.4709343471749041,1057,140,False
her2,R+D,10,OTUB2,0.9865013670320149,0.0472174783447214,0,0.0045619010446565,False,False,0,0,1.400329091078403,,,Database Ubiquitination|Half-life Data,Structure with Ligand,0.521279,31.9078,Testis,0.008860737,0.01128334915111254,0.0044032764,0.004961979636551111,1.8249551,18966,31036,0.8851347334586358,0.12738936430284248,0.45914185552757614,1057,140,False
luminal,R+D,1,GATA3,0.9996951591269356,-1.2500199641602867,6,-0.9334454554546452,True,False,0,0,0.786862579282828,,,Database Ubiquitination,,39.6282,262.319,Skin_Not_Sun_Exposed_Suprapubic,0.99889344,0.4987345776652813,0.2496773,0.15092151050392683,3.9887676,18966,31036,0.7958053302730276,0.004271104252455518,0.43396040092825755,1057,140,True
luminal,R+D,2,FAF2,0.9905977582695844,-0.4442725170277588,2,-0.0716513907826553,False,False,0,0,0.9644488246917092,GO CC high conf,,Database Ubiquitination|Half-life Data,,23.5135,54.8062,Cells_Cultured_fibroblasts,0.11857188,0.14257091637667027,0.09919696,0.09791854620440239,1.1933683,18966,31036,1.098084258636193,0.3038135592813452,0.48669332938330123,1057,140,False
luminal,R+D,3,CCDC125,0.9890674476654112,-0.1072215599009577,0,0.028957953778023,False,False,0,0,0.6329843183333239,,,Database Ubiquitination,,6.1409,13.5584,Prostate,0.05988256,0.07102182853527202,0.023616794,0.02551875241654864,2.4732122,18966,31036,0.9650710753484044,0.7002394976365169,0.523938840336411,1057,140,False
luminal,R+D,4,MCCC2,0.9887638727917232,-0.0468915841511367,0,-0.0103342620907084,False,False,0,0,0.6340635222923067,,,Database Ubiquitination|Half-life Data,Structure with Ligand,24.8643,50.2168,Cells_EBV-transformed_lymphocytes,0.197822,0.18258989771168962,0.059855677,0.05793272328908471,3.267107,18966,31036,0.9092146988265039,0.31839870305360163,0.4637749140045096,1057,140,True
luminal,R+D,5,FOXA1,0.9850961873849676,-1.424573086674186,6,-0.868678075105199,True,False,0,0,0.7736270907371651,,,,,9.94902,67.6698,Prostate,0.36139432,0.28635452915743154,0.031381432,0.026292047944322862,11.191423,18966,31036,0.8524915071576876,0.05535588683128003,0.45216346549482384,1057,140,False
luminal,R+D,6,CXXC5,0.9847329366660906,0.0777186095822923,0,0.0346388998860988,False,False,0,0,0.5221079099838667,,,Database Ubiquitination|Half-life Data,,25.6823,208.602,Brain_Cerebellar_Hemisphere,0.32660228,0.2714330907940449,0.14696887,0.12740043820078922,2.2139945,18966,31036,0.9035597413616294,0.24068626696464368,0.4786615974588127,1057,140,True
luminal,R+D,7,FAAH,0.9833890784958076,-0.1798807167417848,0,0.0388349039085524,False,False,0,0,0.6316711673012679,UniProt SigP or TMHMM,,Database Ubiquitination|Half-life Data|Small Molecule Binder,Approved Drug|Druggable Family|High-Quality Ligand,25.4028,142.859,Testis,0.08236415,0.09759569756405957,0.01572096,0.01768913519783466,4.985608,18966,31036,0.8684795293062427,0.07713661155382874,0.44936552609489955,1057,140,False
luminal,R+D,8,MAPK9,0.981412190860323,0.1979961481046872,0,0.034557749236192,False,False,0,0,0.6149252755923329,GO CC high conf,,Database Ubiquitination|Half-life Data|Literature|Small Molecule Binder,Advanced Clinical|Druggable Family|High-Quality Ligand|High-Quality Pocket|Structure with Ligand,13.5967,92.5974,Brain_Cerebellar_Hemisphere,0.07556638,0.09285036380891894,0.049638875,0.049233148601624734,1.5120081,18966,31036,1.1033105829648686,0.28138467699610015,0.5188037986141971,1057,140,True
luminal,R+D,9,PCYOX1L,0.9808562169295938,0.0589395642430494,0,0.0443066887635175,False,False,0,0,0.6307497470371926,GO CC high conf|UniProt SigP or TMHMM|UniProt loc high conf,,Database Ubiquitination|Half-life Data,,9.63739,36.304,Brain_Cerebellar_Hemisphere,0.016976843,0.0228830538859009,0.028267993,0.027645315117927748,0.6142151,18966,31036,0.9030079458355069,0.27086013618171334,0.4857551967609737,1057,140,True
luminal,R+D,10,PPP2CA,0.9807076592632517,-1.172868145109298,6,0.14843988155087,False,True,0,0,0.9027690160475804,GO CC med conf,,Database Ubiquitination|Half-life Data|Small Molecule Binder|UniProt Ubiquitination,Advanced Clinical|High-Quality Ligand|Structure with Ligand,50.3676,118.11,Brain_Cerebellar_Hemisphere,0.32245094,0.3054413160392194,0.2728796,0.22248356747004822,1.1809968,18966,31036,1.0492429772719134,0.5831669576056803,0.5183265030695041,1057,140,False
