gene,subtype,role,rna_g,protein_g,tumour_vs_normal_g,mean_effect_subtype,n_dependent_lines,clinical_stage,gtex_breast_tpm,gtex_max_other_tpm,gtex_ratio
E2F3,basal,candidate,1.906055852747694,0.3589123435942691,1.0374387716006233,-0.1942994612360357,3,0,6.60964,18.649,0.3544232934741809
SUV39H2,basal,candidate,1.5632317873246102,0.6893144481021227,1.010826236242943,0.026938661673461,0,0,2.74218,30.0186,0.09134936339469528
SRPK1,basal,candidate,1.7052482919189145,1.1615592188297952,1.2623781901399502,-0.1208250381718358,0,0,9.61098,47.9434,0.20046513180124897
ANP32E,basal,candidate,1.821363156483711,1.1826994004246636,0.5097140493012466,-0.2820166429969818,2,0,24.1927,160.246,0.15097225515769502
HMGA1,basal,candidate,1.4872246227795995,0.0956890934642556,1.405542712236257,-0.6302086979806316,19,0,36.1887,840.634,0.04304929374733831
CDC123,basal,candidate,1.4285009425657706,0.5515397426959403,0.8952059534187717,-1.7415037520492227,26,0,61.3018,174.228,0.35184815299492617
NCAPD2,basal,candidate,1.2095444993968318,0.6362138892589025,0.9526753509329938,-1.5616345909349614,26,0,13.9065,131.061,0.10610707990935518
CDCA2,basal,candidate,1.3925936712283822,0.5872889954172607,2.152668111457607,-0.1748702986900208,0,0,0.179989,39.2243,0.0045887115894993665
CDCA8,basal,candidate,1.6115211424406042,0.7611436849675339,2.6473093347659447,-1.3199119074846992,24,0,1.6412,101.62,0.01615036410155481
RRP1B,basal,candidate,1.1787552641644972,0.6797846152259419,0.5161228952476472,0.08807841172041,0,0,16.0651,48.1251,0.3338195660892133
GRB7,her2,candidate,1.9532276325470288,1.7544807584433886,0.7341455283641115,-0.0638785509217244,1,0,15.4114,98.5013,0.156458848766463
ERBB2,her2,candidate,1.9418767663250176,1.886361084659513,0.7468825615673729,-1.172773725139216,12,4,36.0161,133.034,0.2707285355623375
PSMD3,her2,candidate,2.0685993955778703,0.3178404640461676,0.9002385032236582,-2.097213844898286,19,4,104.544,193.924,0.5390977908871516
AKT1,her2,candidate,1.4751533805833663,0.9020706253329618,0.8587041167511399,-0.3437058308976796,8,4,58.0033,87.581,0.6622817734440118
CLPB,her2,candidate,1.260707366842709,0.7248010389839781,0.6650335784862214,-0.3105762659128728,4,0,2.83275,110.238,0.0256966744679693
ATP6V1D,her2,candidate,0.9975392123507488,0.0387660848673125,0.5947807894113101,-0.8826729474848316,18,0,19.5403,71.5817,0.27297898764628387
CDK12,her2,candidate,0.8638418865276719,0.7638899434348703,0.5035704618699387,-0.7690572962214066,15,0,14.2704,34.8908,0.4090017999014067
ALDH18A1,her2,candidate,1.1745393203337635,1.2557258264778726,1.9639548017829025,-0.2621222049993862,5,0,21.7978,100.668,0.2165315691182898
GOLGA5,her2,candidate,0.9133738276347142,0.6609709902892795,0.761398857372925,-0.1121137230327384,0,0,41.9013,84.0779,0.4983628278061179
OTUB2,her2,candidate,0.8607596557012461,0.3116443711150019,1.400329091078403,0.0472174783447214,0,0,0.521279,31.9078,0.01633703984605645
GATA3,luminal,candidate,2.3705868088450663,2.071802695869255,0.786862579282828,-1.2500199641602867,6,0,39.6282,262.319,0.15106873691955214
FAF2,luminal,candidate,1.6499512344897722,1.2432789160712654,0.9644488246917092,-0.4442725170277588,2,0,23.5135,54.8062,0.4290299272710022
CCDC125,luminal,candidate,1.3792830296789067,0.526431001590219,0.6329843183333239,-0.1072215599009577,0,0,6.1409,13.5584,0.4529221737078121
MCCC2,luminal,candidate,1.4817655557265037,0.9404184508080314,0.6340635222923067,-0.0468915841511367,0,0,24.8643,50.2168,0.49513907696229154
FOXA1,luminal,candidate,1.6696314175293387,1.4346938226663617,0.7736270907371651,-1.424573086674186,6,0,9.94902,67.6698,0.1470230442531233
CXXC5,luminal,candidate,2.058509333315611,1.2252699295995846,0.5221079099838667,0.0777186095822923,0,0,25.6823,208.602,0.12311626925916339
FAAH,luminal,candidate,1.5456490335382314,0.8575813586756997,0.6316711673012679,-0.1798807167417848,0,0,25.4028,142.859,0.1778172883752511
MAPK9,luminal,candidate,1.365751818635078,0.8291635459949371,0.6149252755923329,0.1979961481046872,0,0,13.5967,92.5974,0.1468367362366546
PCYOX1L,luminal,candidate,1.3296186508398995,1.0639262222862351,0.6307497470371926,0.0589395642430494,0,0,9.63739,36.304,0.26546358527985897
PPP2CA,luminal,candidate,1.263616204095738,0.9414549186037148,0.9027690160475804,-1.172868145109298,6,0,50.3676,118.11,0.42644653289306583
VDR,basal,decoy,-0.1484455376790517,0.1239506469311587,0.7756099386846397,-0.1014462217448683,1,4,6.12909,49.7062,0.12330634810144407
PHLDA2,basal,decoy,0.1728850788507291,-0.3534947064717746,0.8056004249152158,0.0119065427247607,0,0,7.70888,69.3251,0.11119897410894465
STK4,basal,decoy,-0.2939891059543969,0.4461150211569299,0.644138307905382,-0.1152161335086475,0,0,9.62376,76.174,0.12633917084569538
TMEM165,basal,decoy,0.2477158619907455,-0.2216408631555901,1.265355220460899,-0.1860962109480615,1,0,31.7984,63.3138,0.5022348998164697
BCL2L1,basal,decoy,-1.2496639042819342,-0.6982577353592112,0.772009995108786,-1.3249360224214537,24,0,93.1935,210.918,0.4418470685290018
METTL13,basal,decoy,0.0520605052556318,-0.1283125302744952,1.0571472415085887,-0.0377372787424712,0,0,17.3641,37.8837,0.45835280080879115
MBOAT7,basal,decoy,-0.6314304858961501,-0.6878237999637299,1.800046971177963,0.0959339061244695,0,0,22.1068,286.962,0.07703737777127286
FLVCR1,basal,decoy,-0.4406004802449798,0.0564852174451209,2.0796725949158925,-0.0672189806617031,2,0,4.35523,16.1667,0.26939511464924815
ADAM8,basal,decoy,0.3183233167221412,0.1466358213804606,1.737154343327243,0.1582667541638455,0,0,4.75585,317.226,0.014991993090099801
PRPF3,basal,decoy,0.7716972030627952,0.6418124253585651,0.7408341566051496,-0.9065631957346854,25,0,39.8119,64.137,0.6207321826714689
DARS2,her2,decoy,-0.0257467879250156,0.0225155235813943,1.5353934472887651,-0.2210805174001232,0,0,9.07122,40.7497,0.222608264600721
KPNB1,her2,decoy,-0.3564305574561945,-0.068904797641976,0.9293058990102776,-2.26881753428955,19,0,53.9812,171.431,0.31488587245014027
UBE2I,her2,decoy,0.4224633905376713,0.5263622053501312,1.379476117808374,-1.9838077386334791,19,0,35.8811,69.6903,0.5148650529557199
ABCD3,her2,decoy,-0.2075422732171408,0.0113148864022815,0.6050604881578107,-0.2119356018040246,1,0,14.7832,39.1301,0.37779612114459205
LACTB,her2,decoy,-0.1195120210639422,-0.1738198092151855,0.5493640519857248,-0.2941179809901936,1,0,11.5594,28.7643,0.40186620220203517
RRN3,her2,decoy,-0.0018709067988572,0.7635814687626905,0.8429730486007806,-1.7663565604254432,8,0,35.145,42.3444,0.829979879275654
COPS5,her2,decoy,0.1697346126412688,0.088299779545948,0.922846759163198,-1.845346560096533,19,0,30.352,63.356,0.4790706483995202
BAZ1B,her2,decoy,0.1273633979334432,0.3101998595404803,0.7919764511606135,-0.3202649385188815,1,0,32.9363,72.2325,0.45597618800401485
CHMP5,her2,decoy,-0.5687589788031477,-0.3296871646625323,0.6250610260802643,-0.3135794886230433,5,0,58.3622,130.046,0.44878120049828524
KIF26B,her2,decoy,0.5505554664246045,0.1973445518692261,2.16862663969518,-0.0758940779995316,0,0,0.230942,6.61652,0.034903846735141734
HSPH1,luminal,decoy,-0.2419257604481202,-0.3872681728004805,1.120804463724839,-0.0403367325522106,0,0,22.7985,98.6703,0.23105736984685363
DDX54,luminal,decoy,0.0609449898470161,-0.3214932446003771,0.5430595444619768,-1.4023064475287477,6,0,31.559,59.5564,0.5299010685669383
C1orf122,luminal,decoy,-0.6007319950792712,-0.1117794947353938,0.9740054252591136,-0.3385118265849478,0,0,42.2481,154.938,0.2726774580800062
EIF2S2,luminal,decoy,-0.6232023802076124,0.2586366411661491,0.8369053332636721,-1.358993422422773,6,0,72.156,217.615,0.33157640787629533
HNRNPL,luminal,decoy,-0.1835563788015815,0.4076517740762372,1.6183723506576924,-1.3381118744825518,6,0,205.548,388.641,0.5288891290419693
BLZF1,luminal,decoy,0.3817185079118422,-0.373660165688138,0.8199135823592837,-0.084413361967333,0,0,11.6249,26.0389,0.44644359016701934
NCAPG,luminal,decoy,-0.8636332246771017,-0.4836498367085329,2.7578598184655103,-1.7459037223507616,6,0,0.421939,76.6752,0.005502939672801636
GNL3,luminal,decoy,-0.0735717984288168,-0.1598348061548215,0.6102688014292817,-1.3673454728141918,6,0,86.7153,217.648,0.39841992575167245
TADA1,luminal,decoy,0.0542600906821393,0.1644892269604575,1.3208166778412385,-0.0588856202548989,0,0,9.60982,21.2403,0.4524333460450181
RHOC,luminal,decoy,0.0917836952055439,0.4016456912840309,0.6872880398919848,-0.2601412548884088,0,0,154.617,292.876,0.5279264944891353
